brand,model,row_count,min_price_lkr,median_price_lkr,max_price_lkr,std_price_lkr,min_year,max_year,price_range_lkr,std_to_median_ratio,range_to_median_ratio
AUDI,A1 RS,1,10500000.0,10500000.0,10500000.0,0.0,2016,2016,0.0,0.0,0.0
AUDI,A3 S-LINE,1,14500000.0,14500000.0,14500000.0,0.0,2018,2018,0.0,0.0,0.0
AUDI,A4 1.9 TDI,1,500000.0,500000.0,500000.0,0.0,2001,2001,0.0,0.0,0.0
AUDI,A4 B8,1,11200000.0,11200000.0,11200000.0,0.0,2011,2011,0.0,0.0,0.0
AUDI,A4 RS4 CONVERSION,1,14000000.0,14000000.0,14000000.0,0.0,2012,2012,0.0,0.0,0.0
AUDI,A6 T1.8,1,8695000.0,8695000.0,8695000.0,0.0,2004,2004,0.0,0.0,0.0
AUDI,A6 TFSI,1,25650000.0,25650000.0,25650000.0,0.0,2017,2017,0.0,0.0,0.0
AUDI,Q4,1,47500000.0,47500000.0,47500000.0,0.0,2024,2024,0.0,0.0,0.0
AUSTIN,CAMBRIDGE,1,1275000.0,1275000.0,1275000.0,0.0,1960,1960,0.0,0.0,0.0
AUSTIN,COOPER S,1,3350000.0,3350000.0,3350000.0,0.0,1998,1998,0.0,0.0,0.0
AUSTIN,MINI,1,2500000.0,2500000.0,2500000.0,0.0,1960,1960,0.0,0.0,0.0
AUSTIN,MORRIS MINI COOPER,1,3800000.0,3800000.0,3800000.0,0.0,1961,1961,0.0,0.0,0.0
BMW,116I,1,16000000.0,16000000.0,16000000.0,0.0,2013,2013,0.0,0.0,0.0
BMW,316I,1,16900000.0,16900000.0,16900000.0,0.0,2014,2014,0.0,0.0,0.0
BMW,316I E30,1,3900000.0,3900000.0,3900000.0,0.0,1990,1990,0.0,0.0,0.0
BMW,316I SPORTS,1,17800000.0,17800000.0,17800000.0,0.0,2015,2015,0.0,0.0,0.0
BMW,318I LUXURY LINE,1,21875000.0,21875000.0,21875000.0,0.0,2018,2018,0.0,0.0,0.0
BMW,318I M SPORT AUSTRALIAN,1,28000000.0,28000000.0,28000000.0,0.0,2018,2018,0.0,0.0,0.0
BMW,318I M SPORT SHADOW,1,27500000.0,27500000.0,27500000.0,0.0,2018,2018,0.0,0.0,0.0
BMW,318I MSPORT,1,22500000.0,22500000.0,22500000.0,0.0,2017,2017,0.0,0.0,0.0
BMW,318I SHADOW EDITION,1,28000000.0,28000000.0,28000000.0,0.0,2018,2018,0.0,0.0,0.0
BMW,320D SPORTS,1,17900000.0,17900000.0,17900000.0,0.0,2013,2013,0.0,0.0,0.0
BMW,420D,1,35000000.0,35000000.0,35000000.0,0.0,2015,2015,0.0,0.0,0.0
BMW,430I GRAN COUPE,1,45000000.0,45000000.0,45000000.0,0.0,2017,2017,0.0,0.0,0.0
BMW,520,1,22800000.0,22800000.0,22800000.0,0.0,2012,2012,0.0,0.0,0.0
BMW,520D 3 OPTION,1,23800000.0,23800000.0,23800000.0,0.0,2013,2013,0.0,0.0,0.0
BMW,520D M SPORT,1,36000000.0,36000000.0,36000000.0,0.0,2015,2015,0.0,0.0,0.0
BMW,520D MSPORT,1,21800002.0,21800002.0,21800002.0,0.0,2012,2012,0.0,0.0,0.0
BMW,525 E,1,1450000.0,1450000.0,1450000.0,0.0,1974,1974,0.0,0.0,0.0
BMW,530I M SPORT,1,46000000.0,46000000.0,46000000.0,0.0,2017,2017,0.0,0.0,0.0
BMW,535I,1,18500000.0,18500000.0,18500000.0,0.0,2011,2011,0.0,0.0,0.0
BMW,730 LI,1,17500000.0,17500000.0,17500000.0,0.0,2006,2006,0.0,0.0,0.0
BMW,730IL,1,27500000.0,27500000.0,27500000.0,0.0,2011,2011,0.0,0.0,0.0
BMW,730L ACTIVEHYBRID 7,1,28500000.0,28500000.0,28500000.0,0.0,2014,2014,0.0,0.0,0.0
BMW,740LE M SPORT,1,57500000.0,57500000.0,57500000.0,0.0,2016,2016,0.0,0.0,0.0
BMW,DE90,1,12700000.0,12700000.0,12700000.0,0.0,2011,2011,0.0,0.0,0.0
BMW,E 30,1,2850000.0,2850000.0,2850000.0,0.0,1988,1988,0.0,0.0,0.0
BMW,E 36 318I,1,4500000.0,4500000.0,4500000.0,0.0,1993,1993,0.0,0.0,0.0
BMW,E30 316I,1,1800000.0,1800000.0,1800000.0,0.0,1991,1991,0.0,0.0,0.0
BMW,E34,1,2950000.0,2950000.0,2950000.0,0.0,1990,1990,0.0,0.0,0.0
BMW,E39,1,8500000.0,8500000.0,8500000.0,0.0,2002,2002,0.0,0.0,0.0
BMW,E46 318I,1,6500000.0,6500000.0,6500000.0,0.0,2002,2002,0.0,0.0,0.0
BMW,E46 320D,1,6250000.0,6250000.0,6250000.0,0.0,2000,2000,0.0,0.0,0.0
BMW,E60 530I,1,9500000.0,9500000.0,9500000.0,0.0,2004,2004,0.0,0.0,0.0
BMW,G30 530I,1,38000000.0,38000000.0,38000000.0,0.0,2017,2017,0.0,0.0,0.0
BMW,I8 COUPE,1,34900000.0,34900000.0,34900000.0,0.0,2018,2018,0.0,0.0,0.0
BMW,LUXURY LINE,1,22500000.0,22500000.0,22500000.0,0.0,2017,2017,0.0,0.0,0.0
BMW,M SPORT,1,42500000.0,42500000.0,42500000.0,0.0,2018,2018,0.0,0.0,0.0
BMW,M2351,1,35500000.0,35500000.0,35500000.0,0.0,2014,2014,0.0,0.0,0.0
BMW,M5 4400,1,35000000.0,35000000.0,35000000.0,0.0,2012,2012,0.0,0.0,0.0
BMW,MINI COOPER,1,14950000.0,14950000.0,14950000.0,0.0,2020,2020,0.0,0.0,0.0
BMW,MINI COOPER S,1,8950000.0,8950000.0,8950000.0,0.0,2007,2007,0.0,0.0,0.0
BMW,MINI COORPER,1,10500000.0,10500000.0,10500000.0,0.0,2015,2015,0.0,0.0,0.0
BYD,SEAL,1,39450000.0,39450000.0,39450000.0,0.0,2024,2024,0.0,0.0,0.0
CHERY,CHERY,1,3150000.0,3150000.0,3150000.0,0.0,2015,2015,0.0,0.0,0.0
CHEVROLET,AVEO UVA LT,1,2700000.0,2700000.0,2700000.0,0.0,2007,2007,0.0,0.0,0.0
CHEVROLET,BEAT,1,2750000.0,2750000.0,2750000.0,0.0,2011,2011,0.0,0.0,0.0
CHEVROLET,CRUZE GM LIMITED,1,3950000.0,3950000.0,3950000.0,0.0,2004,2004,0.0,0.0,0.0
CHEVROLET,CRUZE JAPAN GM SPORT,1,3850000.0,3850000.0,3850000.0,0.0,2004,2004,0.0,0.0,0.0
CHEVROLET,SPORT,1,32500000.0,32500000.0,32500000.0,0.0,2012,2012,0.0,0.0,0.0
CHEVROLET,UVA AVEO LT,1,2800000.0,2800000.0,2800000.0,0.0,2007,2007,0.0,0.0,0.0
CHEVROLET,UVA HACHBACK,1,2500000.0,2500000.0,2500000.0,0.0,2008,2008,0.0,0.0,0.0
CITROEN,E-C4,1,22850000.0,22850000.0,22850000.0,0.0,2024,2024,0.0,0.0,0.0
DAEWOO,CIELO,1,985000.0,985000.0,985000.0,0.0,1996,1996,0.0,0.0,0.0
DAEWOO,ESPERO GLXI KOREA,1,1975000.0,1975000.0,1975000.0,0.0,2001,2001,0.0,0.0,0.0
DAEWOO,KALOS,1,3000000.0,3000000.0,3000000.0,0.0,2003,2003,0.0,0.0,0.0
DAEWOO,LANOS,1,1850000.0,1850000.0,1850000.0,0.0,2002,2002,0.0,0.0,0.0
DAEWOO,RACER GTI SPORT,1,1275000.0,1275000.0,1275000.0,0.0,1994,1994,0.0,0.0,0.0
DAIHATSU,BOOM,1,4175000.0,4175000.0,4175000.0,0.0,2004,2004,0.0,0.0,0.0
DAIHATSU,CHARADE G100,1,1250000.0,1250000.0,1250000.0,0.0,1991,1991,0.0,0.0,0.0
DAIHATSU,CHARADE G11,1,750000.0,750000.0,750000.0,0.0,1985,1985,0.0,0.0,0.0
DAIHATSU,CHARADE G200S,1,1500000.0,1500000.0,1500000.0,0.0,1997,1997,0.0,0.0,0.0
DAIHATSU,CHARMANT,1,1650000.0,1650000.0,1650000.0,0.0,1985,1985,0.0,0.0,0.0
DAIHATSU,COPEN,1,5800000.0,5800000.0,5800000.0,0.0,2015,2015,0.0,0.0,0.0
DAIHATSU,COPEN X PLAY,1,6700000.0,6700000.0,6700000.0,0.0,2015,2015,0.0,0.0,0.0
DAIHATSU,CUOREMIRA,1,1850000.0,1850000.0,1850000.0,0.0,1997,1997,0.0,0.0,0.0
DAIHATSU,DAIHATSU,1,950000.0,950000.0,950000.0,0.0,1982,1982,0.0,0.0,0.0
DAIHATSU,G101S,1,1250000.0,1250000.0,1250000.0,0.0,1994,1994,0.0,0.0,0.0
DAIHATSU,JAPAN,1,1450000.0,1450000.0,1450000.0,0.0,1996,1996,0.0,0.0,0.0
DAIHATSU,MINI HUMMER,1,4975000.0,4975000.0,4975000.0,0.0,2009,2009,0.0,0.0,0.0
DAIHATSU,MIRA ES SAFETY,1,5800000.0,5800000.0,5800000.0,0.0,2018,2018,0.0,0.0,0.0
DAIHATSU,MIRA GINO SPECIAL EDITION,1,4100000.0,4100000.0,4100000.0,0.0,2001,2001,0.0,0.0,0.0
DAIHATSU,MIRA JAPAN,1,3560000.0,3560000.0,3560000.0,0.0,2003,2003,0.0,0.0,0.0
DAIHATSU,MOVE JAPAN,1,6950000.0,6950000.0,6950000.0,0.0,2017,2017,0.0,0.0,0.0
DAIHATSU,SPORT,1,610000.0,610000.0,610000.0,0.0,1987,1987,0.0,0.0,0.0
DAIHATSU,TANK,1,8100000.0,8100000.0,8100000.0,0.0,2019,2019,0.0,0.0,0.0
DAIHATSU,TANTO,1,7300000.0,7300000.0,7300000.0,0.0,2017,2017,0.0,0.0,0.0
DAIHATSU,YRV,1,3400000.0,3400000.0,3400000.0,0.0,2003,2003,0.0,0.0,0.0
DATSUN,B110,1,575000.0,575000.0,575000.0,0.0,1972,1972,0.0,0.0,0.0
DATSUN,B2 10,1,590000.0,590000.0,590000.0,0.0,1979,1979,0.0,0.0,0.0
DATSUN,B310,1,950000.0,950000.0,950000.0,0.0,1980,1980,0.0,0.0,0.0
FIAT,127,1,800000.0,800000.0,800000.0,0.0,1980,1980,0.0,0.0,0.0
FIAT,128,1,1280000.0,1280000.0,1280000.0,0.0,1977,1977,0.0,0.0,0.0
FIAT,BRAVO,1,3500000.0,3500000.0,3500000.0,0.0,2004,2004,0.0,0.0,0.0
FIAT,LINEA G,1,3490000.0,3490000.0,3490000.0,0.0,2011,2011,0.0,0.0,0.0
FIAT,PUNTO SX,1,1300000.0,1300000.0,1300000.0,0.0,1998,1998,0.0,0.0,0.0
FIAT,TEMPRA EFI,1,815000.0,815000.0,815000.0,0.0,1999,1999,0.0,0.0,0.0
FIAT,UNO 60,1,775000.0,775000.0,775000.0,0.0,1987,1987,0.0,0.0,0.0
FORD,FOCUS,1,5850000.0,5850000.0,5850000.0,0.0,2011,2011,0.0,0.0,0.0
FORD,FOCUS MK3,1,8490000.0,8490000.0,8490000.0,0.0,2012,2012,0.0,0.0,0.0
FORD,FOCUS ST,1,11000000.0,11000000.0,11000000.0,0.0,2017,2017,0.0,0.0,0.0
FORD,FOCUS TITANIUM,1,11800000.0,11800000.0,11800000.0,0.0,2015,2015,0.0,0.0,0.0
FORD,LASER BF,1,1380000.0,1380000.0,1380000.0,0.0,1988,1988,0.0,0.0,0.0
FORD,LASER BG3,1,720000.0,720000.0,720000.0,0.0,1991,1991,0.0,0.0,0.0
FORD,LASER GL SEDAN,1,980000.0,980000.0,980000.0,0.0,1991,1991,0.0,0.0,0.0
FOTON,SAGA,1,995000.0,995000.0,995000.0,0.0,2011,2011,0.0,0.0,0.0
HONDA,ACCORD CD 3,1,3050000.0,3050000.0,3050000.0,0.0,1997,1997,0.0,0.0,0.0
HONDA,ACCORD CF3 EURO,1,3890000.0,3890000.0,3890000.0,0.0,1999,1999,0.0,0.0,0.0
HONDA,ACCORD CF9 EX,1,3975000.0,3975000.0,3975000.0,0.0,2002,2002,0.0,0.0,0.0
HONDA,ACCORD CL7,1,5750000.0,5750000.0,5750000.0,0.0,2007,2007,0.0,0.0,0.0
HONDA,ACCORD EX PREMIUM,1,14700000.0,14700000.0,14700000.0,0.0,2013,2013,0.0,0.0,0.0
HONDA,ACCORD IVTEC,1,8300000.0,8300000.0,8300000.0,0.0,2009,2009,0.0,0.0,0.0
HONDA,ARIA GD8,1,4990000.0,4990000.0,4990000.0,0.0,2008,2008,0.0,0.0,0.0
HONDA,CF9,1,4650000.0,4650000.0,4650000.0,0.0,2003,2003,0.0,0.0,0.0
HONDA,CITY GD 8,1,4375000.0,4375000.0,4375000.0,0.0,2003,2003,0.0,0.0,0.0
HONDA,CITY V-TEC,1,2925000.0,2925000.0,2925000.0,0.0,2000,2000,0.0,0.0,0.0
HONDA,CITY VTEC,1,2850000.0,2850000.0,2850000.0,0.0,2000,2000,0.0,0.0,0.0
HONDA,CIVIC EFI VTEC,1,2380000.0,2380000.0,2380000.0,0.0,1992,1992,0.0,0.0,0.0
HONDA,CIVIC EG8,1,2975000.0,2975000.0,2975000.0,0.0,1991,1991,0.0,0.0,0.0
HONDA,CIVIC EK,1,4000000.0,4000000.0,4000000.0,0.0,1999,1999,0.0,0.0,0.0
HONDA,CIVIC EK3 VTEC VIRS,1,4975000.0,4975000.0,4975000.0,0.0,2000,2000,0.0,0.0,0.0
HONDA,CIVIC ES08,1,5050000.0,5050000.0,5050000.0,0.0,2004,2004,0.0,0.0,0.0
HONDA,CIVIC ES1,1,4950000.0,4950000.0,4950000.0,0.0,2004,2004,0.0,0.0,0.0
HONDA,CIVIC ES5,1,5200000.0,5200000.0,5200000.0,0.0,2003,2003,0.0,0.0,0.0
HONDA,CIVIC ES5 VTEC,1,5800000.0,5800000.0,5800000.0,0.0,2003,2003,0.0,0.0,0.0
HONDA,CIVIC FB1,1,2550000.0,2550000.0,2550000.0,0.0,2012,2012,0.0,0.0,0.0
HONDA,CIVIC FD1 TYPE S,1,7750000.0,7750000.0,7750000.0,0.0,2007,2007,0.0,0.0,0.0
HONDA,CIVIC FD1S,1,6500000.0,6500000.0,6500000.0,0.0,2006,2006,0.0,0.0,0.0
HONDA,CIVIC FK6,1,14000000.0,14000000.0,14000000.0,0.0,2017,2017,0.0,0.0,0.0
HONDA,CIVIC LIMITED EDITION,1,795000.0,795000.0,795000.0,0.0,1985,1985,0.0,0.0,0.0
HONDA,CIVIC MUGEN KIT,1,14390000.0,14390000.0,14390000.0,0.0,2018,2018,0.0,0.0,0.0
HONDA,CIVIC SEDAN,1,21000000.0,21000000.0,21000000.0,0.0,2020,2020,0.0,0.0,0.0
HONDA,CIVIC SEDAN 1.6 JAPAN,1,17975000.0,17975000.0,17975000.0,0.0,2016,2016,0.0,0.0,0.0
HONDA,CIVIC SR VTEC CVT,1,14000000.0,14000000.0,14000000.0,0.0,2017,2017,0.0,0.0,0.0
HONDA,CIVIC TECH PACK UK,1,13900000.0,13900000.0,13900000.0,0.0,2018,2018,0.0,0.0,0.0
HONDA,CIVIC TECHPACK,1,16500000.0,16500000.0,16500000.0,0.0,2019,2019,0.0,0.0,0.0
HONDA,DEA-GJ1,1,6985000.0,6985000.0,6985000.0,0.0,2007,2007,0.0,0.0,0.0
HONDA,DELSOL,1,4750000.0,4750000.0,4750000.0,0.0,1992,1992,0.0,0.0,0.0
HONDA,ES1,1,5300000.0,5300000.0,5300000.0,0.0,2002,2002,0.0,0.0,0.0
HONDA,FD1,1,6800000.0,6800000.0,6800000.0,0.0,2007,2007,0.0,0.0,0.0
HONDA,FD3,1,7000000.0,7000000.0,7000000.0,0.0,2008,2008,0.0,0.0,0.0
HONDA,FIT ARIA GD 9,1,5200000.0,5200000.0,5200000.0,0.0,2008,2008,0.0,0.0,0.0
HONDA,FIT ARIA GD8,1,3895000.0,3895000.0,3895000.0,0.0,2003,2003,0.0,0.0,0.0
HONDA,FIT GE 6,1,5800000.0,5800000.0,5800000.0,0.0,2009,2009,0.0,0.0,0.0
HONDA,FIT GP1 SHES GOLD BATCH,1,6550000.0,6550000.0,6550000.0,0.0,2012,2012,0.0,0.0,0.0
HONDA,FIT GP4 RS MUGAN,1,7850000.0,7850000.0,7850000.0,0.0,2015,2015,0.0,0.0,0.0
HONDA,FIT GP5 F GRADE,1,8700000.0,8700000.0,8700000.0,0.0,2015,2015,0.0,0.0,0.0
HONDA,FIT GP5 G GRADE,1,8975000.0,8975000.0,8975000.0,0.0,2015,2015,0.0,0.0,0.0
HONDA,FIT GP5 L,1,7790000.0,7790000.0,7790000.0,0.0,2013,2013,0.0,0.0,0.0
HONDA,FIT GP5 L GRADE SAFETY EDITION,1,7850000.0,7850000.0,7850000.0,0.0,2014,2014,0.0,0.0,0.0
HONDA,FIT GP5 L SENSING,1,10800000.0,10800000.0,10800000.0,0.0,2017,2017,0.0,0.0,0.0
HONDA,FIT GP5 S GRADE SAFETYPACK,1,9350000.0,9350000.0,9350000.0,0.0,2015,2015,0.0,0.0,0.0
HONDA,FIT GP5 S GREAT SAFETY,1,9250000.0,9250000.0,9250000.0,0.0,2015,2015,0.0,0.0,0.0
HONDA,FIT GP5 SENSING,1,12000000.0,12000000.0,12000000.0,0.0,2018,2018,0.0,0.0,0.0
HONDA,FIT GP5S GRADE,1,8039000.0,8039000.0,8039000.0,0.0,2014,2014,0.0,0.0,0.0
HONDA,FIT GPS,1,7775000.0,7775000.0,7775000.0,0.0,2013,2013,0.0,0.0,0.0
HONDA,FIT S GRADE,1,10499000.0,10499000.0,10499000.0,0.0,2016,2016,0.0,0.0,0.0
HONDA,GRACE EX SAFETY,1,9875000.0,9875000.0,9875000.0,0.0,2015,2015,0.0,0.0,0.0
HONDA,GRACE LX,1,11200000.0,11200000.0,11200000.0,0.0,2016,2016,0.0,0.0,0.0
HONDA,GRACE RS,1,13800000.0,13800000.0,13800000.0,0.0,2018,2018,0.0,0.0,0.0
HONDA,GRAND CIVIC EF2,1,1675000.0,1675000.0,1675000.0,0.0,1991,1991,0.0,0.0,0.0
HONDA,INSIGHT ZE 2,1,6990000.0,6990000.0,6990000.0,0.0,2011,2011,0.0,0.0,0.0
HONDA,INSIGHT ZE 3,1,875000.0,875000.0,875000.0,0.0,2011,2011,0.0,0.0,0.0
HONDA,JADE,1,12500000.0,12500000.0,12500000.0,0.0,2015,2015,0.0,0.0,0.0
HONDA,JADE PREMIUM,1,14250000.0,14250000.0,14250000.0,0.0,2015,2015,0.0,0.0,0.0
HONDA,LOGO,1,2650000.0,2650000.0,2650000.0,0.0,1999,1999,0.0,0.0,0.0
HONDA,N-BOX,1,2100000.0,2100000.0,2100000.0,0.0,2016,2016,0.0,0.0,0.0
HONDA,NBOX,1,6900000.0,6900000.0,6900000.0,0.0,2015,2015,0.0,0.0,0.0
HONDA,S660 ALPHA,1,6300000.0,6300000.0,6300000.0,0.0,2016,2016,0.0,0.0,0.0
HONDA,SHUTTLE GB7,1,12400000.0,12400000.0,12400000.0,0.0,2015,2015,0.0,0.0,0.0
HONDA,SHUTTLE GP7,1,11200000.0,11200000.0,11200000.0,0.0,2015,2015,0.0,0.0,0.0
HONDA,SPIKE GP2,1,8250000.0,8250000.0,8250000.0,0.0,2012,2012,0.0,0.0,0.0
HONDA,STARLET 90 LIMITED,1,3025000.0,3025000.0,3025000.0,0.0,1996,1996,0.0,0.0,0.0
HONDA,VTEC 4A,1,3500000.0,3500000.0,3500000.0,0.0,2001,2001,0.0,0.0,0.0
HYUNDAI,ACCENT GEAR,1,2300000.0,2300000.0,2300000.0,0.0,2000,2000,0.0,0.0,0.0
HYUNDAI,ACCENT GLM,1,2200000.0,2200000.0,2200000.0,0.0,2000,2000,0.0,0.0,0.0
HYUNDAI,ACCENT JAPAN,1,2875000.0,2875000.0,2875000.0,0.0,2007,2007,0.0,0.0,0.0
HYUNDAI,COUPE,1,3550000.0,3550000.0,3550000.0,0.0,2000,2000,0.0,0.0,0.0
HYUNDAI,ELANTRA GLS,1,1800000.0,1800000.0,1800000.0,0.0,2001,2001,0.0,0.0,0.0
HYUNDAI,ELANTRA XD,1,1950000.0,1950000.0,1950000.0,0.0,2004,2004,0.0,0.0,0.0
HYUNDAI,HMATIC,1,2600000.0,2600000.0,2600000.0,0.0,2002,2002,0.0,0.0,0.0
HYUNDAI,MATRIX GL,1,2100000.0,2100000.0,2100000.0,0.0,2001,2001,0.0,0.0,0.0
HYUNDAI,MATRIX GLS,1,2350000.0,2350000.0,2350000.0,0.0,2001,2001,0.0,0.0,0.0
HYUNDAI,SANTRO XP,1,2350000.0,2350000.0,2350000.0,0.0,2005,2005,0.0,0.0,0.0
HYUNDAI,SONATA GL5,1,1050000.0,1050000.0,1050000.0,0.0,1990,1990,0.0,0.0,0.0
HYUNDAI,SONATA GLS,1,1950000.0,1950000.0,1950000.0,0.0,2000,2000,0.0,0.0,0.0
HYUNDAI,SONATA H-MATIC,1,2825000.0,2825000.0,2825000.0,0.0,2001,2001,0.0,0.0,0.0
HYUNDAI,SONATA XG30 SPECIAL LIMITED,1,2895000.0,2895000.0,2895000.0,0.0,2004,2004,0.0,0.0,0.0
HYUNDAI,ZIP PLUS,1,2100000.0,2100000.0,2100000.0,0.0,2003,2003,0.0,0.0,0.0
ISUZU,ASKA,1,1050000.0,1050000.0,1050000.0,0.0,1984,1984,0.0,0.0,0.0
ISUZU,JT 641,1,1400000.0,1400000.0,1400000.0,0.0,1992,1992,0.0,0.0,0.0
ISUZU,JT600 GEMINI,1,1050000.0,1050000.0,1050000.0,0.0,1989,1989,0.0,0.0,0.0
JAC,T9 4X4,1,16992000.0,16992000.0,16992000.0,0.0,2024,2024,0.0,0.0,0.0
JAGUAR,S TYPE,1,7800000.0,7800000.0,7800000.0,0.0,2004,2004,0.0,0.0,0.0
JEEP,AMERICAN WILLYS,1,3950000.0,3950000.0,3950000.0,0.0,1962,1962,0.0,0.0,0.0
JONWAY,A380,1,4600000.0,4600000.0,4600000.0,0.0,2012,2012,0.0,0.0,0.0
KIA,KIA,1,1950000.0,1950000.0,1950000.0,0.0,2005,2005,0.0,0.0,0.0
KIA,MENTOR SPECTRA,1,1875000.0,1875000.0,1875000.0,0.0,2001,2001,0.0,0.0,0.0
KIA,PICANTO SPORT,1,5900000.0,5900000.0,5900000.0,0.0,2016,2016,0.0,0.0,0.0
KIA,RIO LS,1,2175000.0,2175000.0,2175000.0,0.0,2001,2001,0.0,0.0,0.0
KIA,RIO LX,1,875000.0,875000.0,875000.0,0.0,2004,2004,0.0,0.0,0.0
KIA,SHEPHIA,1,2300000.0,2300000.0,2300000.0,0.0,2002,2002,0.0,0.0,0.0
KIA,SPARTA,1,2200000.0,2200000.0,2200000.0,0.0,2004,2004,0.0,0.0,0.0
KIA,SPECTRA 16M,1,2325000.0,2325000.0,2325000.0,0.0,2002,2002,0.0,0.0,0.0
KIA,SPECTRA GLS,1,1350000.0,1350000.0,1350000.0,0.0,2001,2001,0.0,0.0,0.0
LAND-ROVER,DEFENDER 110,1,21000000.0,21000000.0,21000000.0,0.0,2006,2006,0.0,0.0,0.0
LEXUS,CT200H,1,9800000.0,9800000.0,9800000.0,0.0,2012,2012,0.0,0.0,0.0
LEXUS,HS250,1,12790000.0,12790000.0,12790000.0,0.0,2013,2013,0.0,0.0,0.0
LEXUS,NX 300H,1,34000000.0,34000000.0,34000000.0,0.0,2015,2015,0.0,0.0,0.0
MAHINDRA,KV100,1,5895000.0,5895000.0,5895000.0,0.0,2022,2022,0.0,0.0,0.0
MAHINDRA,MAHINDRA,1,5895000.0,5895000.0,5895000.0,0.0,2022,2022,0.0,0.0,0.0
MAZDA,2 SKYACTIVE,1,8875000.0,8875000.0,8875000.0,0.0,2016,2016,0.0,0.0,0.0
MAZDA,BF,1,1145000.0,1145000.0,1145000.0,0.0,1988,1988,0.0,0.0,0.0
MAZDA,BF3 FAMILIA HATCHBACK,1,985000.0,985000.0,985000.0,0.0,1987,1987,0.0,0.0,0.0
MAZDA,BF3P,1,1100000.0,1100000.0,1100000.0,0.0,1991,1991,0.0,0.0,0.0
MAZDA,BH3,1,1875000.0,1875000.0,1875000.0,0.0,1990,1990,0.0,0.0,0.0
MAZDA,BJ3P JAPAN,1,2995000.0,2995000.0,2995000.0,0.0,2000,2000,0.0,0.0,0.0
MAZDA,BUTTERFLY,1,2445000.0,2445000.0,2445000.0,0.0,1997,1997,0.0,0.0,0.0
MAZDA,CIVIC TECH PACK ESEAT,1,13800000.0,13800000.0,13800000.0,0.0,2018,2018,0.0,0.0,0.0
MAZDA,DEMIO DW5W GE-,1,2575000.0,2575000.0,2575000.0,0.0,1997,1997,0.0,0.0,0.0
MAZDA,DEMIO JAPAN,1,4950000.0,4950000.0,4950000.0,0.0,2009,2009,0.0,0.0,0.0
MAZDA,EUNOS 100 ASTINA,1,2480000.0,2480000.0,2480000.0,0.0,1992,1992,0.0,0.0,0.0
MAZDA,FAMILIA 323 BF,1,1450000.0,1450000.0,1450000.0,0.0,1988,1988,0.0,0.0,0.0
MAZDA,FAMILIA 323 BJ5W,1,3450000.0,3450000.0,3450000.0,0.0,2002,2002,0.0,0.0,0.0
MAZDA,FAMILIA BF,1,750000.0,750000.0,750000.0,0.0,1986,1986,0.0,0.0,0.0
MAZDA,FAMILIA BG3P,1,1350000.0,1350000.0,1350000.0,0.0,1991,1991,0.0,0.0,0.0
MAZDA,FAMILIA BG5P,1,1590000.0,1590000.0,1590000.0,0.0,1990,1990,0.0,0.0,0.0
MAZDA,FAMILIA DX,1,1375000.0,1375000.0,1375000.0,0.0,1992,1992,0.0,0.0,0.0
MAZDA,FAMILIA SEDAN,1,1600000.0,1600000.0,1600000.0,0.0,1993,1993,0.0,0.0,0.0
MAZDA,FAMILLA BF3,1,1300000.0,1300000.0,1300000.0,0.0,1989,1989,0.0,0.0,0.0
MAZDA,MR 90 JAPAN,1,1175000.0,1175000.0,1175000.0,0.0,1994,1994,0.0,0.0,0.0
MAZDA,RX-8 SERIES 2,1,7000000.0,7000000.0,7000000.0,0.0,2008,2008,0.0,0.0,0.0
MAZDA,TRIBUTE,1,3600000.0,3600000.0,3600000.0,0.0,2001,2001,0.0,0.0,0.0
MAZDA,WAGON R,1,5700000.0,5700000.0,5700000.0,0.0,2015,2015,0.0,0.0,0.0
MAZDA,WAGON R FLAIR,1,5750000.0,5750000.0,5750000.0,0.0,2018,2018,0.0,0.0,0.0
MERCEDES-BENZ,-123,1,1450000.0,1450000.0,1450000.0,0.0,1987,1987,0.0,0.0,0.0
MERCEDES-BENZ,-CLA 180 AMG,1,22050000.0,22050000.0,22050000.0,0.0,2017,2017,0.0,0.0,0.0
MERCEDES-BENZ,123,1,4000000.0,4000000.0,4000000.0,0.0,1984,1984,0.0,0.0,0.0
MERCEDES-BENZ,190 D,1,2700000.0,2700000.0,2700000.0,0.0,1985,1985,0.0,0.0,0.0
MERCEDES-BENZ,200D,1,1950000.0,1950000.0,1950000.0,0.0,1978,1978,0.0,0.0,0.0
MERCEDES-BENZ,250,1,3795000.0,3795000.0,3795000.0,0.0,1988,1988,0.0,0.0,0.0
MERCEDES-BENZ,280S,1,4500000.0,4500000.0,4500000.0,0.0,1984,1984,0.0,0.0,0.0
MERCEDES-BENZ,C CLASS C180 PREMIUM,1,23900000.0,23900000.0,23900000.0,0.0,2016,2016,0.0,0.0,0.0
MERCEDES-BENZ,C180 AMG LINE,1,24990000.0,24990000.0,24990000.0,0.0,2017,2017,0.0,0.0,0.0
MERCEDES-BENZ,C180 BLUEEFFICIENCY,1,13800000.0,13800000.0,13800000.0,0.0,2011,2011,0.0,0.0,0.0
MERCEDES-BENZ,C180 COMPASSURE,1,11800000.0,11800000.0,11800000.0,0.0,2011,2011,0.0,0.0,0.0
MERCEDES-BENZ,C180 LIMOUSINE,1,25500000.0,25500000.0,25500000.0,0.0,2016,2016,0.0,0.0,0.0
MERCEDES-BENZ,C180 M271 REG,1,9850000.0,9850000.0,9850000.0,0.0,2009,2009,0.0,0.0,0.0
MERCEDES-BENZ,C180 W203,1,7460000.0,7460000.0,7460000.0,0.0,2002,2002,0.0,0.0,0.0
MERCEDES-BENZ,C180AMG,1,13250000.0,13250000.0,13250000.0,0.0,2010,2010,0.0,0.0,0.0
MERCEDES-BENZ,C200 AMG CABRIOLET,1,33500000.0,33500000.0,33500000.0,0.0,2016,2016,0.0,0.0,0.0
MERCEDES-BENZ,C200 AMG PREMIUM,1,29800000.0,29800000.0,29800000.0,0.0,2018,2018,0.0,0.0,0.0
MERCEDES-BENZ,C200 AVANTGARDE,1,9800000.0,9800000.0,9800000.0,0.0,2007,2007,0.0,0.0,0.0
MERCEDES-BENZ,C200 COUPE SPORT,1,8750000.0,8750000.0,8750000.0,0.0,2001,2001,0.0,0.0,0.0
MERCEDES-BENZ,C200 W 203,1,6800000.0,6800000.0,6800000.0,0.0,2002,2002,0.0,0.0,0.0
MERCEDES-BENZ,C220 CDI W204,1,13800000.0,13800000.0,13800000.0,0.0,2013,2013,0.0,0.0,0.0
MERCEDES-BENZ,C220 ELEGANCE,1,4300000.0,4300000.0,4300000.0,0.0,1994,1994,0.0,0.0,0.0
MERCEDES-BENZ,C220D,1,14900000.0,14900000.0,14900000.0,0.0,2012,2012,0.0,0.0,0.0
MERCEDES-BENZ,C300,1,22500000.0,22500000.0,22500000.0,0.0,2014,2014,0.0,0.0,0.0
MERCEDES-BENZ,C350,1,23000000.0,23000000.0,23000000.0,0.0,2016,2016,0.0,0.0,0.0
MERCEDES-BENZ,C350E,1,25000000.0,25000000.0,25000000.0,0.0,2016,2016,0.0,0.0,0.0
MERCEDES-BENZ,C350E PREMIUM SPORT PLUS,1,22500000.0,22500000.0,22500000.0,0.0,2016,2016,0.0,0.0,0.0
MERCEDES-BENZ,CLA 180 AMG,1,22000000.0,22000000.0,22000000.0,0.0,2017,2017,0.0,0.0,0.0
MERCEDES-BENZ,CLA 180 AMG PREMIUM,1,26900000.0,26900000.0,26900000.0,0.0,2019,2019,0.0,0.0,0.0
MERCEDES-BENZ,CLA 200,1,31500000.0,31500000.0,31500000.0,0.0,2019,2019,0.0,0.0,0.0
MERCEDES-BENZ,CLA 200 AMG,1,18950000.0,18950000.0,18950000.0,0.0,2015,2015,0.0,0.0,0.0
MERCEDES-BENZ,CLA 200 AMG EDITION,1,18950000.0,18950000.0,18950000.0,0.0,2014,2014,0.0,0.0,0.0
MERCEDES-BENZ,CLA 200 AMG PREMIUM,1,17900000.0,17900000.0,17900000.0,0.0,2014,2014,0.0,0.0,0.0
MERCEDES-BENZ,E200 AVANTGARDE,1,15100000.0,15100000.0,15100000.0,0.0,2010,2010,0.0,0.0,0.0
MERCEDES-BENZ,E200 KOMPRESSOR,1,7200000.0,7200000.0,7200000.0,0.0,2002,2002,0.0,0.0,0.0
MERCEDES-BENZ,E200 PREMIUM,1,25500000.0,25500000.0,25500000.0,0.0,2015,2015,0.0,0.0,0.0
MERCEDES-BENZ,E200 W 212,1,16000000.0,16000000.0,16000000.0,0.0,2010,2010,0.0,0.0,0.0
MERCEDES-BENZ,E200 W210,1,4200000.0,4200000.0,4200000.0,0.0,1997,1997,0.0,0.0,0.0
MERCEDES-BENZ,E200 W212,1,16000000.0,16000000.0,16000000.0,0.0,2010,2010,0.0,0.0,0.0
MERCEDES-BENZ,E230,1,12500000.0,12500000.0,12500000.0,0.0,2008,2008,0.0,0.0,0.0
MERCEDES-BENZ,E240,1,8650000.0,8650000.0,8650000.0,0.0,2003,2003,0.0,0.0,0.0
MERCEDES-BENZ,E240 AMG,1,12000000.0,12000000.0,12000000.0,0.0,2004,2004,0.0,0.0,0.0
MERCEDES-BENZ,E240 ELEGANCE,1,9850000.0,9850000.0,9850000.0,0.0,2003,2003,0.0,0.0,0.0
MERCEDES-BENZ,E250,1,6700000.0,6700000.0,6700000.0,0.0,1998,1998,0.0,0.0,0.0
MERCEDES-BENZ,E300 AMG,1,20750000.0,20750000.0,20750000.0,0.0,2014,2014,0.0,0.0,0.0
MERCEDES-BENZ,E300 BLUETEC AMG,1,21950000.0,21950000.0,21950000.0,0.0,2013,2013,0.0,0.0,0.0
MERCEDES-BENZ,E300 BLUETECH-HYBRID,1,21500000.0,21500000.0,21500000.0,0.0,2015,2015,0.0,0.0,0.0
MERCEDES-BENZ,E300 BLUTEC,1,20950000.0,20950000.0,20950000.0,0.0,2015,2015,0.0,0.0,0.0
MERCEDES-BENZ,E350 AMG PREMIUM PLUS,1,36000000.0,36000000.0,36000000.0,0.0,2017,2017,0.0,0.0,0.0
MERCEDES-BENZ,ELEGANCE,1,11800000.0,11800000.0,11800000.0,0.0,2010,2010,0.0,0.0,0.0
MERCEDES-BENZ,S320,1,1400000.0,1400000.0,1400000.0,0.0,2001,2001,0.0,0.0,0.0
MERCEDES-BENZ,S320 LWB,1,12500000.0,12500000.0,12500000.0,0.0,2004,2004,0.0,0.0,0.0
MERCEDES-BENZ,S350 W220,1,8450000.0,8450000.0,8450000.0,0.0,2004,2004,0.0,0.0,0.0
MERCEDES-BENZ,S400 LONG WHEEL BASE,1,55000000.0,55000000.0,55000000.0,0.0,2015,2015,0.0,0.0,0.0
MERCEDES-BENZ,SEL300,1,3700000.0,3700000.0,3700000.0,0.0,1988,1988,0.0,0.0,0.0
MERCEDES-BENZ,SLK 200,1,19900000.0,19900000.0,19900000.0,0.0,2015,2015,0.0,0.0,0.0
MERCEDES-BENZ,SLK200,1,23000000.0,23000000.0,23000000.0,0.0,2013,2013,0.0,0.0,0.0
MERCEDES-BENZ,W 124 AMG,1,3760000.0,3760000.0,3760000.0,0.0,1989,1989,0.0,0.0,0.0
MERCEDES-BENZ,W 126,1,4300000.0,4300000.0,4300000.0,0.0,1989,1989,0.0,0.0,0.0
MERCEDES-BENZ,W 126 S CLASS 280 S,1,3500000.0,3500000.0,3500000.0,0.0,1989,1989,0.0,0.0,0.0
MERCEDES-BENZ,W123,1,3500000.0,3500000.0,3500000.0,0.0,1982,1982,0.0,0.0,0.0
MERCEDES-BENZ,W202,1,5450000.0,5450000.0,5450000.0,0.0,1997,1997,0.0,0.0,0.0
MERCEDES-BENZ,W202 C180 ELEGANCE,1,5850000.0,5850000.0,5850000.0,0.0,1996,1996,0.0,0.0,0.0
MERCEDES-BENZ,W202 C200 AMG SPORT,1,5200000.0,5200000.0,5200000.0,0.0,1994,1994,0.0,0.0,0.0
MERCEDES-BENZ,W202 C220,1,4750000.0,4750000.0,4750000.0,0.0,1995,1995,0.0,0.0,0.0
MERCEDES-BENZ,W203,1,7700000.0,7700000.0,7700000.0,0.0,2001,2001,0.0,0.0,0.0
MERCEDES-BENZ,W203 C180 ELEGANCE,1,5500000.0,5500000.0,5500000.0,0.0,2002,2002,0.0,0.0,0.0
MERCEDES-BENZ,W203 C220 CDI,1,2800000.0,2800000.0,2800000.0,0.0,2001,2001,0.0,0.0,0.0
MERCEDES-BENZ,W205,1,23500000.0,23500000.0,23500000.0,0.0,2015,2015,0.0,0.0,0.0
MERCEDES-BENZ,W210 E 320,1,2600000.0,2600000.0,2600000.0,0.0,1998,1998,0.0,0.0,0.0
MERCEDES-BENZ,W210 E240,1,5975000.0,5975000.0,5975000.0,0.0,1999,1999,0.0,0.0,0.0
MERCEDES-BENZ,W211,1,8750000.0,8750000.0,8750000.0,0.0,2004,2004,0.0,0.0,0.0
MERCEDES-BENZ,WDB201,1,2850000.0,2850000.0,2850000.0,0.0,1985,1985,0.0,0.0,0.0
MG,4 TROPHY,1,18500000.0,18500000.0,18500000.0,0.0,2023,2023,0.0,0.0,0.0
MG,6,1,7800000.0,7800000.0,7800000.0,0.0,2014,2014,0.0,0.0,0.0
MG,MG6,1,6350000.0,6350000.0,6350000.0,0.0,2014,2014,0.0,0.0,0.0
MICRO,AMBASSADOR,1,1550000.0,1550000.0,1550000.0,0.0,2003,2003,0.0,0.0,0.0
MICRO,BAIC D20 SEDAN,1,5450000.0,5450000.0,5450000.0,0.0,2018,2018,0.0,0.0,0.0
MICRO,EMGRAND EC7,1,5200000.0,5200000.0,5200000.0,0.0,2015,2015,0.0,0.0,0.0
MICRO,GEELY,1,2440000.0,2440000.0,2440000.0,0.0,2009,2009,0.0,0.0,0.0
MICRO,MARK 2,1,3280000.0,3280000.0,3280000.0,0.0,2014,2014,0.0,0.0,0.0
MICRO,MICRO,1,2575000.0,2575000.0,2575000.0,0.0,2012,2012,0.0,0.0,0.0
MICRO,PANDA CROSS KT,1,2550000.0,2550000.0,2550000.0,0.0,2012,2012,0.0,0.0,0.0
MICRO,PANDA L,1,2770000.0,2770000.0,2770000.0,0.0,2016,2016,0.0,0.0,0.0
MICRO,PANDA L C1.0,1,2575000.0,2575000.0,2575000.0,0.0,2014,2014,0.0,0.0,0.0
MICRO,PANDA LG,1,2600000.0,2600000.0,2600000.0,0.0,2016,2016,0.0,0.0,0.0
MICRO,PANDA SPORTS,1,3375000.0,3375000.0,3375000.0,0.0,2018,2018,0.0,0.0,0.0
MICRO,PRIVILEGE,1,1025000.0,1025000.0,1025000.0,0.0,2004,2004,0.0,0.0,0.0
MICRO,VOLEEX C10,1,4975000.0,4975000.0,4975000.0,0.0,2013,2013,0.0,0.0,0.0
MINI,COOPER S TURBO,1,9800000.0,9800000.0,9800000.0,0.0,2007,2007,0.0,0.0,0.0
MINI,COOPER SPORT TWIN TURBO,1,15900000.0,15900000.0,15900000.0,0.0,2019,2019,0.0,0.0,0.0
MINI,MINER,1,2050000.0,2050000.0,2050000.0,0.0,1968,1968,0.0,0.0,0.0
MINI,MORISS,1,1875000.0,1875000.0,1875000.0,0.0,1965,1965,0.0,0.0,0.0
MINI,MORRIS COOPER,1,4000000.0,4000000.0,4000000.0,0.0,1969,1969,0.0,0.0,0.0
MITSUBISHI,4DR5 J24,1,3850000.0,3850000.0,3850000.0,0.0,1980,1980,0.0,0.0,0.0
MITSUBISHI,ATTRAGE,1,7590000.0,7590000.0,7590000.0,0.0,2016,2016,0.0,0.0,0.0
MITSUBISHI,C12 HATCHBACK,1,870000.0,870000.0,870000.0,0.0,1985,1985,0.0,0.0,0.0
MITSUBISHI,C12V,1,600000.0,600000.0,600000.0,0.0,1985,1985,0.0,0.0,0.0
MITSUBISHI,CB2,1,2700000.0,2700000.0,2700000.0,0.0,1994,1994,0.0,0.0,0.0
MITSUBISHI,CB8,1,2585000.0,2585000.0,2585000.0,0.0,1992,1992,0.0,0.0,0.0
MITSUBISHI,CK2,1,2990000.0,2990000.0,2990000.0,0.0,1996,1996,0.0,0.0,0.0
MITSUBISHI,CK2A,1,3800000.0,3800000.0,3800000.0,0.0,1999,1999,0.0,0.0,0.0
MITSUBISHI,EK WAGON B11W,1,6200000.0,6200000.0,6200000.0,0.0,2018,2018,0.0,0.0,0.0
MITSUBISHI,EK WAGON CUSTOM DAYZ,1,6150000.0,6150000.0,6150000.0,0.0,2015,2015,0.0,0.0,0.0
MITSUBISHI,EVOLUTION 4,1,5950000.0,5950000.0,5950000.0,0.0,2000,2000,0.0,0.0,0.0
MITSUBISHI,GALANT E32,1,1680000.0,1680000.0,1680000.0,0.0,1988,1988,0.0,0.0,0.0
MITSUBISHI,GALANT SIGMA 2C,1,620000.0,620000.0,620000.0,0.0,1984,1984,0.0,0.0,0.0
MITSUBISHI,GALANT V6,1,2275000.0,2275000.0,2275000.0,0.0,1994,1994,0.0,0.0,0.0
MITSUBISHI,GALANT VRG ASPIRE,1,3675000.0,3675000.0,3675000.0,0.0,2003,2003,0.0,0.0,0.0
MITSUBISHI,GF-H42A,1,3500000.0,3500000.0,3500000.0,0.0,2001,2001,0.0,0.0,0.0
MITSUBISHI,GLX,1,4700000.0,4700000.0,4700000.0,0.0,2007,2007,0.0,0.0,0.0
MITSUBISHI,KH4WGRPZR,1,15000000.0,15000000.0,15000000.0,0.0,2011,2011,0.0,0.0,0.0
MITSUBISHI,LANCER ASP MODEL,1,1775000.0,1775000.0,1775000.0,0.0,1991,1991,0.0,0.0,0.0
MITSUBISHI,LANCER BOX 1.6,1,850000.0,850000.0,850000.0,0.0,1982,1982,0.0,0.0,0.0
MITSUBISHI,LANCER BOX 5FWD,1,890000.0,890000.0,890000.0,0.0,1982,1982,0.0,0.0,0.0
MITSUBISHI,LANCER BOX SL,1,990000.0,990000.0,990000.0,0.0,1984,1984,0.0,0.0,0.0
MITSUBISHI,LANCER C12 CLX,1,1075000.0,1075000.0,1075000.0,0.0,1987,1987,0.0,0.0,0.0
MITSUBISHI,LANCER C12A,1,690000.0,690000.0,690000.0,0.0,1986,1986,0.0,0.0,0.0
MITSUBISHI,LANCER CB2,1,2675000.0,2675000.0,2675000.0,0.0,1992,1992,0.0,0.0,0.0
MITSUBISHI,LANCER CB3,1,2650000.0,2650000.0,2650000.0,0.0,1995,1995,0.0,0.0,0.0
MITSUBISHI,LANCER CK2 MX,1,3975000.0,3975000.0,3975000.0,0.0,2001,2001,0.0,0.0,0.0
MITSUBISHI,LANCER CK2 MX EFI,1,4000000.0,4000000.0,4000000.0,0.0,1998,1998,0.0,0.0,0.0
MITSUBISHI,LANCER CS2 JDM,1,6290000.0,6290000.0,6290000.0,0.0,2008,2008,0.0,0.0,0.0
MITSUBISHI,LANCER EVOLUTION,1,8995000.0,8995000.0,8995000.0,0.0,2001,2001,0.0,0.0,0.0
MITSUBISHI,LANCER EVOLUTION 6,1,8500000.0,8500000.0,8500000.0,0.0,2000,2000,0.0,0.0,0.0
MITSUBISHI,LANCER EX EVO X,1,8675000.0,8675000.0,8675000.0,0.0,2008,2008,0.0,0.0,0.0
MITSUBISHI,LANCER EX GLS,1,8675000.0,8675000.0,8675000.0,0.0,2007,2007,0.0,0.0,0.0
MITSUBISHI,LANCER EX GLS EVO X BODYKIT,1,8850000.0,8850000.0,8850000.0,0.0,2007,2007,0.0,0.0,0.0
MITSUBISHI,LANCER FIORE,1,775000.0,775000.0,775000.0,0.0,1986,1986,0.0,0.0,0.0
MITSUBISHI,LANCER FLAT,1,850000.0,850000.0,850000.0,0.0,1978,1978,0.0,0.0,0.0
MITSUBISHI,LANCER FLAT LIGHT WAGON EL,1,510000.0,510000.0,510000.0,0.0,1982,1982,0.0,0.0,0.0
MITSUBISHI,LANCER FURY,1,585000.0,585000.0,585000.0,0.0,1986,1986,0.0,0.0,0.0
MITSUBISHI,LANCER STATION WAGON,1,790000.0,790000.0,790000.0,0.0,1985,1985,0.0,0.0,0.0
MITSUBISHI,LANCER WAGON C11V,1,800000.0,800000.0,800000.0,0.0,1986,1986,0.0,0.0,0.0
MITSUBISHI,LANCER WAGON C12,1,780000.0,780000.0,780000.0,0.0,1985,1985,0.0,0.0,0.0
MITSUBISHI,LAUNCHER CK1,1,3250000.0,3250000.0,3250000.0,0.0,1999,1999,0.0,0.0,0.0
MITSUBISHI,LIBERO,1,2390000.0,2390000.0,2390000.0,0.0,1996,1996,0.0,0.0,0.0
MITSUBISHI,RVR SUPER WAGON,1,4150000.0,4150000.0,4150000.0,0.0,1999,1999,0.0,0.0,0.0
MITSUBISHI,STRADA K74,1,6750000.0,6750000.0,6750000.0,0.0,1997,1997,0.0,0.0,0.0
MITSUBISHI,WAGON,1,3175000.0,3175000.0,3175000.0,0.0,1998,1998,0.0,0.0,0.0
MORRIS,MINI,1,2600000.0,2600000.0,2600000.0,0.0,1969,1969,0.0,0.0,0.0
MORRIS,MINI COOPER,1,3850000.0,3850000.0,3850000.0,0.0,1998,1998,0.0,0.0,0.0
MORRIS,MINOR,1,2400000.0,2400000.0,2400000.0,0.0,1959,1959,0.0,0.0,0.0
NISSAN,A33 CEFIRO EXCIMO JAPAN,1,3375000.0,3375000.0,3375000.0,0.0,2004,2004,0.0,0.0,0.0
NISSAN,AD,1,445000.0,445000.0,445000.0,0.0,1984,1984,0.0,0.0,0.0
NISSAN,AD WAGON VFY11,1,3000000.0,3000000.0,3000000.0,0.0,2000,2000,0.0,0.0,0.0
NISSAN,AD WAGON VY10,1,1750000.0,1750000.0,1750000.0,0.0,1994,1994,0.0,0.0,0.0
NISSAN,AD WAGON VY11,1,3500000.0,3500000.0,3500000.0,0.0,2003,2003,0.0,0.0,0.0
NISSAN,AK11 SPECIAL EDITION,1,3090000.0,3090000.0,3090000.0,0.0,2000,2000,0.0,0.0,0.0
NISSAN,AVENIER,1,1750000.0,1750000.0,1750000.0,0.0,1997,1997,0.0,0.0,0.0
NISSAN,B 14,1,2800000.0,2800000.0,2800000.0,0.0,1998,1998,0.0,0.0,0.0
NISSAN,B-13 DOCTOR SUNNY,1,2700000.0,2700000.0,2700000.0,0.0,1993,1993,0.0,0.0,0.0
NISSAN,B11 CALIFORNIA,1,400000.0,400000.0,400000.0,0.0,1986,1986,0.0,0.0,0.0
NISSAN,B11 LONGOING BUFFER,1,885000.0,885000.0,885000.0,0.0,1980,1980,0.0,0.0,0.0
NISSAN,B12 SUNNY,1,1065000.0,1065000.0,1065000.0,0.0,1987,1987,0.0,0.0,0.0
NISSAN,B12 SUPER SALOON TRAD SUNNY,1,1425000.0,1425000.0,1425000.0,0.0,1989,1989,0.0,0.0,0.0
NISSAN,B13 DOCTOR SUNNY,1,1625000.0,1625000.0,1625000.0,0.0,1990,1990,0.0,0.0,0.0
NISSAN,B13 SUNNY,1,1875000.0,1875000.0,1875000.0,0.0,1990,1990,0.0,0.0,0.0
NISSAN,B14 EX SALOON,1,2350000.0,2350000.0,2350000.0,0.0,1996,1996,0.0,0.0,0.0
NISSAN,B14 LUCINO,1,2350000.0,2350000.0,2350000.0,0.0,1994,1994,0.0,0.0,0.0
NISSAN,B14 SUNNY,1,2450000.0,2450000.0,2450000.0,0.0,1998,1998,0.0,0.0,0.0
NISSAN,B211,1,425000.0,425000.0,425000.0,0.0,1981,1981,0.0,0.0,0.0
NISSAN,B31,1,400000.0,400000.0,400000.0,0.0,1984,1984,0.0,0.0,0.0
NISSAN,B311,1,550000.0,550000.0,550000.0,0.0,1982,1982,0.0,0.0,0.0
NISSAN,BEATLE AK12,1,450000.0,450000.0,450000.0,0.0,2003,2003,0.0,0.0,0.0
NISSAN,BLUEBIRD E,1,2475000.0,2475000.0,2475000.0,0.0,2000,2000,0.0,0.0,0.0
NISSAN,BLUEBIRD EU11,1,1500000.0,1500000.0,1500000.0,0.0,1988,1988,0.0,0.0,0.0
NISSAN,BLUEBIRD EU12,1,1500000.0,1500000.0,1500000.0,0.0,1991,1991,0.0,0.0,0.0
NISSAN,BLUEBIRD EU13,1,2200000.0,2200000.0,2200000.0,0.0,1995,1995,0.0,0.0,0.0
NISSAN,BLUEBIRD G11,1,6200000.0,6200000.0,6200000.0,0.0,2007,2007,0.0,0.0,0.0
NISSAN,BLUEBIRD QU14,1,2975000.0,2975000.0,2975000.0,0.0,2000,2000,0.0,0.0,0.0
NISSAN,BLUEBIRD RU11,1,580000.0,580000.0,580000.0,0.0,1985,1985,0.0,0.0,0.0
NISSAN,BLUEBIRD SSS,1,2690000.0,2690000.0,2690000.0,0.0,1996,1996,0.0,0.0,0.0
NISSAN,BLUEBIRD SSS FB14,1,2690000.0,2690000.0,2690000.0,0.0,1999,1999,0.0,0.0,0.0
NISSAN,BLUEBIRD SU13,1,1650000.0,1650000.0,1650000.0,0.0,1992,1992,0.0,0.0,0.0
NISSAN,BLUEBIRD SYLPHY FG10,1,5300000.0,5300000.0,5300000.0,0.0,2004,2004,0.0,0.0,0.0
NISSAN,BLUEBIRD SYLPHY IMPORT,1,6450000.0,6450000.0,6450000.0,0.0,2010,2010,0.0,0.0,0.0
NISSAN,BLUEBIRD SYLPHY N17,1,5800000.0,5800000.0,5800000.0,0.0,2004,2004,0.0,0.0,0.0
NISSAN,BLUEBIRD U12,1,1025000.0,1025000.0,1025000.0,0.0,1990,1990,0.0,0.0,0.0
NISSAN,BLUEBIRD YU120,1,1250000.0,1250000.0,1250000.0,0.0,1992,1992,0.0,0.0,0.0
NISSAN,CARAVAN,1,1475000.0,1475000.0,1475000.0,0.0,1993,1993,0.0,0.0,0.0
NISSAN,CEDRIC GLORIA Y 34,1,5400000.0,5400000.0,5400000.0,0.0,1999,1999,0.0,0.0,0.0
NISSAN,CEDRIC GLORIA Y34,1,5050000.0,5050000.0,5050000.0,0.0,1999,1999,0.0,0.0,0.0
NISSAN,CEDRIC Y33,1,4800000.0,4800000.0,4800000.0,0.0,1996,1996,0.0,0.0,0.0
NISSAN,CEFIRO 230JM,1,6300000.0,6300000.0,6300000.0,0.0,2005,2005,0.0,0.0,0.0
NISSAN,CEFIRO 230JM J31,1,4985000.0,4985000.0,4985000.0,0.0,2004,2004,0.0,0.0,0.0
NISSAN,CEFIRO A32,1,2180000.0,2180000.0,2180000.0,0.0,1996,1996,0.0,0.0,0.0
NISSAN,CEFIRO A33,1,3300000.0,3300000.0,3300000.0,0.0,2000,2000,0.0,0.0,0.0
NISSAN,CEFIRO A33 2 0G,1,3750000.0,3750000.0,3750000.0,0.0,2000,2000,0.0,0.0,0.0
NISSAN,CEFIRO A33 MAXIMA,1,3740000.0,3740000.0,3740000.0,0.0,2000,2000,0.0,0.0,0.0
NISSAN,CEFIRO C33,1,3400000.0,3400000.0,3400000.0,0.0,2000,2000,0.0,0.0,0.0
NISSAN,CEFIRO EXCIMO,1,3900000.0,3900000.0,3900000.0,0.0,2000,2000,0.0,0.0,0.0
NISSAN,CEFIRO J31 230JM,1,4985000.0,4985000.0,4985000.0,0.0,2004,2004,0.0,0.0,0.0
NISSAN,CUBE BZ11,1,4000000.0,4000000.0,4000000.0,0.0,2002,2002,0.0,0.0,0.0
NISSAN,DAYZ SAFETY LIMITED EDITION,1,6090000.0,6090000.0,6090000.0,0.0,2017,2017,0.0,0.0,0.0
NISSAN,DOCTOR SUNNY FB13,1,1575000.0,1575000.0,1575000.0,0.0,1992,1992,0.0,0.0,0.0
NISSAN,E B12 SUNNY,1,1800000.0,1800000.0,1800000.0,0.0,1986,1986,0.0,0.0,0.0
NISSAN,EB 12 SUNNY,1,1300000.0,1300000.0,1300000.0,0.0,1987,1987,0.0,0.0,0.0
NISSAN,EF12 SUNNY,1,1575000.0,1575000.0,1575000.0,0.0,1989,1989,0.0,0.0,0.0
NISSAN,FB 31,1,1790000.0,1790000.0,1790000.0,0.0,1991,1991,0.0,0.0,0.0
NISSAN,FB12 SUNNY,1,1350000.0,1350000.0,1350000.0,0.0,1987,1987,0.0,0.0,0.0
NISSAN,FB13 SUNNY,1,1750000.0,1750000.0,1750000.0,0.0,1992,1992,0.0,0.0,0.0
NISSAN,FB14 PRESEA,1,3500000.0,3500000.0,3500000.0,0.0,2000,2000,0.0,0.0,0.0
NISSAN,FB14 PULSAR,1,3000000.0,3000000.0,3000000.0,0.0,2000,2000,0.0,0.0,0.0
NISSAN,FB15 EX,1,4325000.0,4325000.0,4325000.0,0.0,2002,2002,0.0,0.0,0.0
NISSAN,FB15 EX SLOON,1,4050000.0,4050000.0,4050000.0,0.0,1999,1999,0.0,0.0,0.0
NISSAN,FB15 SPLEND ECO MODEL,1,3655000.0,3655000.0,3655000.0,0.0,2000,2000,0.0,0.0,0.0
NISSAN,FB15 SUPER,1,3575000.0,3575000.0,3575000.0,0.0,1998,1998,0.0,0.0,0.0
NISSAN,FG10,1,4990000.0,4990000.0,4990000.0,0.0,2005,2005,0.0,0.0,0.0
NISSAN,FN 15,1,3175000.0,3175000.0,3175000.0,0.0,1999,1999,0.0,0.0,0.0
NISSAN,FN14 PULSAR,1,1950000.0,1950000.0,1950000.0,0.0,1994,1994,0.0,0.0,0.0
NISSAN,G11,1,6875000.0,6875000.0,6875000.0,0.0,2010,2010,0.0,0.0,0.0
NISSAN,HB11 LAUREL SPIRIT,1,1210000.0,1210000.0,1210000.0,0.0,1986,1986,0.0,0.0,0.0
NISSAN,HB12 TRAD SUNNY FULL LIGHT,1,1350000.0,1350000.0,1350000.0,0.0,1988,1988,0.0,0.0,0.0
NISSAN,HB15,1,3500000.0,3500000.0,3500000.0,0.0,2002,2002,0.0,0.0,0.0
NISSAN,HN 12,1,600000.0,600000.0,600000.0,0.0,1989,1989,0.0,0.0,0.0
NISSAN,LANGLEY HN12,1,510000.0,510000.0,510000.0,0.0,1986,1986,0.0,0.0,0.0
NISSAN,LAUREL,1,6500000.0,6500000.0,6500000.0,0.0,2008,2008,0.0,0.0,0.0
NISSAN,LEAF AZE0,1,7800000.0,7800000.0,7800000.0,0.0,2017,2017,0.0,0.0,0.0
NISSAN,LEAF AZE0 UK ACCENTA,1,7800000.0,7800000.0,7800000.0,0.0,2014,2014,0.0,0.0,0.0
NISSAN,LEAF AZEO G,1,5600000.0,5600000.0,5600000.0,0.0,2014,2014,0.0,0.0,0.0
NISSAN,LEAF AZEO G GRADE 9BAR 120KM,1,5290000.0,5290000.0,5290000.0,0.0,2013,2013,0.0,0.0,0.0
NISSAN,LEAF AZEO JAPAN,1,5350000.0,5350000.0,5350000.0,0.0,2013,2013,0.0,0.0,0.0
NISSAN,LEAF AZEO X 40KW 225KM,1,5700000.0,5700000.0,5700000.0,0.0,2013,2013,0.0,0.0,0.0
NISSAN,LEAF AZEO X GRADE,1,6250000.0,6250000.0,6250000.0,0.0,2013,2013,0.0,0.0,0.0
NISSAN,LEAF AZEO X LIMITED,1,4600000.0,4600000.0,4600000.0,0.0,2013,2013,0.0,0.0,0.0
NISSAN,LEAF G,1,6490000.0,6490000.0,6490000.0,0.0,2016,2016,0.0,0.0,0.0
NISSAN,LEAF G GRADE AZEO,1,4860000.0,4860000.0,4860000.0,0.0,2013,2013,0.0,0.0,0.0
NISSAN,LEAF G LIMITED,1,5150000.0,5150000.0,5150000.0,0.0,2015,2015,0.0,0.0,0.0
NISSAN,LEAF ZEO 10 BAR 150KM,1,4650000.0,4650000.0,4650000.0,0.0,2012,2012,0.0,0.0,0.0
NISSAN,LEAF ZEO 62KWH 500KM RANGE,1,6500000.0,6500000.0,6500000.0,0.0,2012,2012,0.0,0.0,0.0
NISSAN,MARCH AK11 ANNIVERSARY,1,3350000.0,3350000.0,3350000.0,0.0,2001,2001,0.0,0.0,0.0
NISSAN,MARCH AK13,1,4975000.0,4975000.0,4975000.0,0.0,2011,2011,0.0,0.0,0.0
NISSAN,MARCH B11,1,925000.0,925000.0,925000.0,0.0,1986,1986,0.0,0.0,0.0
NISSAN,MARCH K10 SPORT,1,1175000.0,1175000.0,1175000.0,0.0,1989,1989,0.0,0.0,0.0
NISSAN,MARCH K11 LIMITED,1,3190000.0,3190000.0,3190000.0,0.0,2001,2001,0.0,0.0,0.0
NISSAN,MARCH K11 LIMITED EDITION,1,3075000.0,3075000.0,3075000.0,0.0,2005,2005,0.0,0.0,0.0
NISSAN,MARCH K11 MIA,1,2885000.0,2885000.0,2885000.0,0.0,2001,2001,0.0,0.0,0.0
NISSAN,MARCH K12 AK12,1,3900000.0,3900000.0,3900000.0,0.0,2006,2006,0.0,0.0,0.0
NISSAN,MARCH MIA,1,3000000.0,3000000.0,3000000.0,0.0,2001,2001,0.0,0.0,0.0
NISSAN,MARCH MIA K11,1,2975000.0,2975000.0,2975000.0,0.0,2001,2001,0.0,0.0,0.0
NISSAN,MARCH TURBO K10,1,1475000.0,1475000.0,1475000.0,0.0,1990,1990,0.0,0.0,0.0
NISSAN,MOCO,1,4100000.0,4100000.0,4100000.0,0.0,2008,2008,0.0,0.0,0.0
NISSAN,N16N17 LUXURY EDITION,1,4500000.0,4500000.0,4500000.0,0.0,2003,2003,0.0,0.0,0.0
NISSAN,N17 SUPER SALOON,1,5575000.0,5575000.0,5575000.0,0.0,2010,2010,0.0,0.0,0.0
NISSAN,P11 PRIMERA,1,3100000.0,3100000.0,3100000.0,0.0,1998,1998,0.0,0.0,0.0
NISSAN,PN12,1,650000.0,650000.0,650000.0,0.0,1985,1985,0.0,0.0,0.0
NISSAN,PRESEA REFINA 2,1,2790000.0,2790000.0,2790000.0,0.0,2000,2000,0.0,0.0,0.0
NISSAN,PRIMERA P11,1,2790000.0,2790000.0,2790000.0,0.0,1997,1997,0.0,0.0,0.0
NISSAN,PRIMERA P11 CAMINO,1,2490000.0,2490000.0,2490000.0,0.0,1996,1996,0.0,0.0,0.0
NISSAN,PRIMERA P11 EFI,1,2600000.0,2600000.0,2600000.0,0.0,1999,1999,0.0,0.0,0.0
NISSAN,PULSAR FB15,1,2975000.0,2975000.0,2975000.0,0.0,2000,2000,0.0,0.0,0.0
NISSAN,PULSAR FN14,1,1980000.0,1980000.0,1980000.0,0.0,1996,1996,0.0,0.0,0.0
NISSAN,QASHQAI,1,15850000.0,15850000.0,15850000.0,0.0,2019,2019,0.0,0.0,0.0
NISSAN,QASHQAI TEKNA UK,1,13900000.0,13900000.0,13900000.0,0.0,2017,2017,0.0,0.0,0.0
NISSAN,SUNNU B211,1,500000.0,500000.0,500000.0,0.0,1976,1976,0.0,0.0,0.0
NISSAN,SUNNY B11,1,875000.0,875000.0,875000.0,0.0,1984,1984,0.0,0.0,0.0
NISSAN,SUNNY B13,1,2050000.0,2050000.0,2050000.0,0.0,1991,1991,0.0,0.0,0.0
NISSAN,SUNNY EX SALOON,1,3650000.0,3650000.0,3650000.0,0.0,1999,1999,0.0,0.0,0.0
NISSAN,SUNNY EX SALOON N16,1,3750000.0,3750000.0,3750000.0,0.0,2001,2001,0.0,0.0,0.0
NISSAN,SUNNY FB13 ANNIVERSARY,1,2400000.0,2400000.0,2400000.0,0.0,1993,1993,0.0,0.0,0.0
NISSAN,SUNNY FB14 EX SALOON,1,2890000.0,2890000.0,2890000.0,0.0,1996,1996,0.0,0.0,0.0
NISSAN,SUNNY FB15 EX SALOON,1,3690000.0,3690000.0,3690000.0,0.0,2000,2000,0.0,0.0,0.0
NISSAN,SUNNY HB11,1,820000.0,820000.0,820000.0,0.0,1985,1985,0.0,0.0,0.0
NISSAN,SUNNY HB11 E15,1,850000.0,850000.0,850000.0,0.0,1984,1984,0.0,0.0,0.0
NISSAN,SUNNY HB12,1,1200000.0,1200000.0,1200000.0,0.0,1989,1989,0.0,0.0,0.0
NISSAN,SUNNY N17,1,3975000.0,3975000.0,3975000.0,0.0,2008,2008,0.0,0.0,0.0
NISSAN,SUNNY SB 12,1,1350000.0,1350000.0,1350000.0,0.0,1989,1989,0.0,0.0,0.0
NISSAN,SUNNY SB14 EX SALOON,1,2490000.0,2490000.0,2490000.0,0.0,1998,1998,0.0,0.0,0.0
NISSAN,SUNNY VB11,1,535000.0,535000.0,535000.0,0.0,1985,1985,0.0,0.0,0.0
NISSAN,SUUNY EX SALOON N17,1,3590000.0,3590000.0,3590000.0,0.0,2003,2003,0.0,0.0,0.0
NISSAN,TB VY11,1,2450000.0,2450000.0,2450000.0,0.0,2001,2001,0.0,0.0,0.0
NISSAN,TRAD SUNNY HB12 EX SALOON,1,1230000.0,1230000.0,1230000.0,0.0,1988,1988,0.0,0.0,0.0
NISSAN,TRAD SUNNY WB12,1,880000.0,880000.0,880000.0,0.0,1989,1989,0.0,0.0,0.0
NISSAN,VANETTE,1,1875000.0,1875000.0,1875000.0,0.0,2001,2001,0.0,0.0,0.0
NISSAN,VB11 SUNNY,1,795000.0,795000.0,795000.0,0.0,1985,1985,0.0,0.0,0.0
NISSAN,VY10,1,1375000.0,1375000.0,1375000.0,0.0,1992,1992,0.0,0.0,0.0
NISSAN,WFY11,1,2975000.0,2975000.0,2975000.0,0.0,2001,2001,0.0,0.0,0.0
NISSAN,WFY11 WINGROAD,1,3650000.0,3650000.0,3650000.0,0.0,2001,2001,0.0,0.0,0.0
NISSAN,WHB11 CALIFORNIA WAGON,1,475000.0,475000.0,475000.0,0.0,1984,1984,0.0,0.0,0.0
NISSAN,WINGROAD AD WAGON,1,2950000.0,2950000.0,2950000.0,0.0,1999,1999,0.0,0.0,0.0
NISSAN,WINGROAD VFY11,1,3290000.0,3290000.0,3290000.0,0.0,2000,2000,0.0,0.0,0.0
NISSAN,WINGROAD WFY-11,1,3650000.0,3650000.0,3650000.0,0.0,2001,2001,0.0,0.0,0.0
NISSAN,WINGROAD Y 12,1,4650000.0,4650000.0,4650000.0,0.0,2007,2007,0.0,0.0,0.0
NISSAN,WY11 WINGROAD,1,3675000.0,3675000.0,3675000.0,0.0,2002,2002,0.0,0.0,0.0
NISSAN,Y10 ORJENAL CAR,1,1650000.0,1650000.0,1650000.0,0.0,1994,1994,0.0,0.0,0.0
OPEL,ASTRA F,1,1250000.0,1250000.0,1250000.0,0.0,1996,1996,0.0,0.0,0.0
OPEL,ASTRA G,1,2600000.0,2600000.0,2600000.0,0.0,2001,2001,0.0,0.0,0.0
OPEL,CORSA B,1,1050000.0,1050000.0,1050000.0,0.0,1995,1995,0.0,0.0,0.0
OPEL,OMEGA,1,1325000.0,1325000.0,1325000.0,0.0,1995,1995,0.0,0.0,0.0
OPEL,OPEL,1,1250000.0,1250000.0,1250000.0,0.0,1996,1996,0.0,0.0,0.0
OTHER,ATV,1,750000.0,750000.0,750000.0,0.0,2010,2010,0.0,0.0,0.0
PERODUA,BEZZA HIGHEST SPEC,1,8000000.0,8000000.0,8000000.0,0.0,2018,2018,0.0,0.0,0.0
PERODUA,PROTON SAGA,1,995000.0,995000.0,995000.0,0.0,2011,2011,0.0,0.0,0.0
PERODUA,VIVA ELITE AMIEZG,1,4450000.0,4450000.0,4450000.0,0.0,2011,2011,0.0,0.0,0.0
PEUGEOT,0,1,1300000.0,1300000.0,1300000.0,0.0,1996,1996,0.0,0.0,0.0
PEUGEOT,203,1,4000000.0,4000000.0,4000000.0,0.0,1985,1985,0.0,0.0,0.0
PEUGEOT,405 GLD,1,1285000.0,1285000.0,1285000.0,0.0,1995,1995,0.0,0.0,0.0
PEUGEOT,406 D9 GLX,1,2750000.0,2750000.0,2750000.0,0.0,2000,2000,0.0,0.0,0.0
PEUGEOT,406 D9 GTX,1,2750000.0,2750000.0,2750000.0,0.0,2001,2001,0.0,0.0,0.0
PEUGEOT,406 HDI,1,3300000.0,3300000.0,3300000.0,0.0,2001,2001,0.0,0.0,0.0
PEUGEOT,407 EXECUTIVE,1,4890000.0,4890000.0,4890000.0,0.0,2007,2007,0.0,0.0,0.0
PEUGEOT,504 GL,1,1175000.0,1175000.0,1175000.0,0.0,1978,1978,0.0,0.0,0.0
PEUGEOT,504 L,1,950000.0,950000.0,950000.0,0.0,1976,1976,0.0,0.0,0.0
PEUGEOT,505 GL,1,1350000.0,1350000.0,1350000.0,0.0,1988,1988,0.0,0.0,0.0
PEUGEOT,605,1,475000.0,475000.0,475000.0,0.0,1993,1993,0.0,0.0,0.0
PEUGEOT,605 SR,1,1350000.0,1350000.0,1350000.0,0.0,1993,1993,0.0,0.0,0.0
PEUGEOT,GT LINE,1,21000000.0,21000000.0,21000000.0,0.0,2019,2019,0.0,0.0,0.0
RENAULT,KWID RED,1,3560000.0,3560000.0,3560000.0,0.0,2018,2018,0.0,0.0,0.0
RENAULT,LAGUNA,1,2950000.0,2950000.0,2950000.0,0.0,2004,2004,0.0,0.0,0.0
RENAULT,MEGANE,1,2500000.0,2500000.0,2500000.0,0.0,2006,2006,0.0,0.0,0.0
RENAULT,RENAULT,1,1100000.0,1100000.0,1100000.0,0.0,1991,1991,0.0,0.0,0.0
SEAT,TOLEDO,1,2800000.0,2800000.0,2800000.0,0.0,2002,2002,0.0,0.0,0.0
SKODA,OCTAVIA,1,2100000.0,2100000.0,2100000.0,0.0,2002,2002,0.0,0.0,0.0
SKODA,SUPERB,1,2700000.0,2700000.0,2700000.0,0.0,2002,2002,0.0,0.0,0.0
SUBARU,GF5,1,4600000.0,4600000.0,4600000.0,0.0,1999,1999,0.0,0.0,0.0
SUBARU,IMPREZA WAGON,1,2950000.0,2950000.0,2950000.0,0.0,1996,1996,0.0,0.0,0.0
SUBARU,LEGACY,1,4700000.0,4700000.0,4700000.0,0.0,2004,2004,0.0,0.0,0.0
SUBARU,R2,1,3450000.0,3450000.0,3450000.0,0.0,2024,2024,0.0,0.0,0.0
SUBARU,STI 12,1,22500000.0,22500000.0,22500000.0,0.0,2015,2015,0.0,0.0,0.0
SUBARU,STI 6,1,6100000.0,6100000.0,6100000.0,0.0,2002,2002,0.0,0.0,0.0
SUBARU,STI 6 RA,1,8500000.0,8500000.0,8500000.0,0.0,2000,2000,0.0,0.0,0.0
SUBARU,STI4,1,4375000.0,4375000.0,4375000.0,0.0,1993,1993,0.0,0.0,0.0
SUBARU,SUBARU,1,900000.0,900000.0,900000.0,0.0,1989,1989,0.0,0.0,0.0
SUBARU,WRX STI 8,1,12000000.0,12000000.0,12000000.0,0.0,2003,2003,0.0,0.0,0.0
SUBARU,WRX STI 9,1,11500000.0,11500000.0,11500000.0,0.0,2004,2004,0.0,0.0,0.0
SUZUKI,A- STAR,1,1275000.0,1275000.0,1275000.0,0.0,2011,2011,0.0,0.0,0.0
SUZUKI,ALTO AVEO,1,2590000.0,2590000.0,2590000.0,0.0,2007,2007,0.0,0.0,0.0
SUZUKI,ALTO HA25S JAPAN,1,3275000.0,3275000.0,3275000.0,0.0,2003,2003,0.0,0.0,0.0
SUZUKI,ALTO JAPAN HA24S,1,3825000.0,3825000.0,3825000.0,0.0,2011,2011,0.0,0.0,0.0
SUZUKI,ALTO JAPAN TURBO RS WORKS,1,5800000.0,5800000.0,5800000.0,0.0,2015,2015,0.0,0.0,0.0
SUZUKI,ALTO L GRADE,1,5850000.0,5850000.0,5850000.0,0.0,2019,2019,0.0,0.0,0.0
SUZUKI,ALTO SPECIAL EDITION,1,2565000.0,2565000.0,2565000.0,0.0,2011,2011,0.0,0.0,0.0
SUZUKI,ALTO SPORT RPM METER,1,785000.0,785000.0,785000.0,0.0,2004,2004,0.0,0.0,0.0
SUZUKI,ALTO SPORTS,1,2450000.0,2450000.0,2450000.0,0.0,2012,2012,0.0,0.0,0.0
SUZUKI,BALENO XT JAPAN,1,8500000.0,8500000.0,8500000.0,0.0,2019,2019,0.0,0.0,0.0
SUZUKI,BEETLE JAPAN,1,5400000.0,5400000.0,5400000.0,0.0,2007,2007,0.0,0.0,0.0
SUZUKI,CELEREO VXI,1,4750000.0,4750000.0,4750000.0,0.0,2016,2016,0.0,0.0,0.0
SUZUKI,CELERIO VXI AMT,1,4950000.0,4950000.0,4950000.0,0.0,2015,2015,0.0,0.0,0.0
SUZUKI,CELERIO X,1,6150000.0,6150000.0,6150000.0,0.0,2018,2018,0.0,0.0,0.0
SUZUKI,CELERIO X AGS,1,6200000.0,6200000.0,6200000.0,0.0,2018,2018,0.0,0.0,0.0
SUZUKI,CELERIOX ZXI AGS,1,6275000.0,6275000.0,6275000.0,0.0,2019,2019,0.0,0.0,0.0
SUZUKI,CIAZ,1,7500000.0,7500000.0,7500000.0,0.0,2015,2015,0.0,0.0,0.0
SUZUKI,CULTUS JAPAN,1,1850000.0,1850000.0,1850000.0,0.0,1997,1997,0.0,0.0,0.0
SUZUKI,CULTUS WAGON JAPAN,1,2650000.0,2650000.0,2650000.0,0.0,2004,2004,0.0,0.0,0.0
SUZUKI,DAA-MH55S WAGON R,1,7125000.0,7125000.0,7125000.0,0.0,2017,2017,0.0,0.0,0.0
SUZUKI,ERTIGA,1,5550000.0,5550000.0,5550000.0,0.0,2014,2014,0.0,0.0,0.0
SUZUKI,HUSTLER J STYLE TURBO,1,6400000.0,6400000.0,6400000.0,0.0,2017,2017,0.0,0.0,0.0
SUZUKI,INDIAN WAGON R,1,2050000.0,2050000.0,2050000.0,0.0,2004,2004,0.0,0.0,0.0
SUZUKI,KEI JAPAN,1,3750000.0,3750000.0,3750000.0,0.0,2004,2004,0.0,0.0,0.0
SUZUKI,MARUTI 800 AC,1,1625000.0,1625000.0,1625000.0,0.0,2005,2005,0.0,0.0,0.0
SUZUKI,MARUTI EFI 05 FORWARD,1,1595000.0,1595000.0,1595000.0,0.0,2002,2002,0.0,0.0,0.0
SUZUKI,MARUTI EFL,1,1625000.0,1625000.0,1625000.0,0.0,2004,2004,0.0,0.0,0.0
SUZUKI,MARUTI OMNI,1,2050000.0,2050000.0,2050000.0,0.0,2011,2011,0.0,0.0,0.0
SUZUKI,MARUTI SPORT,1,2000000.0,2000000.0,2000000.0,0.0,2012,2012,0.0,0.0,0.0
SUZUKI,MARUTI ZEN ESTILO,1,3200000.0,3200000.0,3200000.0,0.0,2010,2010,0.0,0.0,0.0
SUZUKI,MH 45,1,5800000.0,5800000.0,5800000.0,0.0,2014,2014,0.0,0.0,0.0
SUZUKI,MH44S WAGON R,1,5675000.0,5675000.0,5675000.0,0.0,2016,2016,0.0,0.0,0.0
SUZUKI,MINI,1,2975000.0,2975000.0,2975000.0,0.0,1994,1994,0.0,0.0,0.0
SUZUKI,S-CROSS SX4,1,10500000.0,10500000.0,10500000.0,0.0,2018,2018,0.0,0.0,0.0
SUZUKI,SOLIO BANDIT,1,7950000.0,7950000.0,7950000.0,0.0,2016,2016,0.0,0.0,0.0
SUZUKI,SPACIA CUSTOM TURBO,1,6690000.0,6690000.0,6690000.0,0.0,2015,2015,0.0,0.0,0.0
SUZUKI,SPACIA CUSTOM XS,1,8350000.0,8350000.0,8350000.0,0.0,2018,2018,0.0,0.0,0.0
SUZUKI,SPACIA CUSTOM XS SAFETY,1,8490000.0,8490000.0,8490000.0,0.0,2018,2018,0.0,0.0,0.0
SUZUKI,SPACIA CUSTOM Z SAFETY TURBO,1,6975000.0,6975000.0,6975000.0,0.0,2017,2017,0.0,0.0,0.0
SUZUKI,SPACIA G GRADE,1,5700000.0,5700000.0,5700000.0,0.0,2015,2015,0.0,0.0,0.0
SUZUKI,SPACIA TURBO,1,6875000.0,6875000.0,6875000.0,0.0,2018,2018,0.0,0.0,0.0
SUZUKI,SPACIA XS CUSTOM SAFETY EDITION,1,8000000.0,8000000.0,8000000.0,0.0,2018,2018,0.0,0.0,0.0
SUZUKI,SPACIA XS CUSTOM TURBO,1,2500000.0,2500000.0,2500000.0,0.0,2018,2018,0.0,0.0,0.0
SUZUKI,SWIFT BEETLE LIMITED EDITION,1,4500000.0,4500000.0,4500000.0,0.0,2004,2004,0.0,0.0,0.0
SUZUKI,SWIFT BEETLE SPECIAL EDITION,1,5890000.0,5890000.0,5890000.0,0.0,2010,2010,0.0,0.0,0.0
SUZUKI,SWIFT CENTER ANTENNA MODEL,1,4050000.0,4050000.0,4050000.0,0.0,2004,2004,0.0,0.0,0.0
SUZUKI,SWIFT CENTER ANTERNNA JEEP MODEL,1,4295000.0,4295000.0,4295000.0,0.0,2004,2004,0.0,0.0,0.0
SUZUKI,SWIFT DIZER,1,3890000.0,3890000.0,3890000.0,0.0,2010,2010,0.0,0.0,0.0
SUZUKI,SWIFT JAPAN SPORT,1,5275000.0,5275000.0,5275000.0,0.0,2010,2010,0.0,0.0,0.0
SUZUKI,SWIFT JEEP,1,3400000.0,3400000.0,3400000.0,0.0,2003,2003,0.0,0.0,0.0
SUZUKI,SWIFT LIANA,1,2990000.0,2990000.0,2990000.0,0.0,2006,2006,0.0,0.0,0.0
SUZUKI,SWIFT RS SPORT ZC72S,1,6550000.0,6550000.0,6550000.0,0.0,2012,2012,0.0,0.0,0.0
SUZUKI,SWIFT RS TURBO ZC13S,1,9475000.0,9475000.0,9475000.0,0.0,2017,2017,0.0,0.0,0.0
SUZUKI,SWIFT SPORTS,1,4300000.0,4300000.0,4300000.0,0.0,2004,2004,0.0,0.0,0.0
SUZUKI,SWIFT VXI,1,3850000.0,3850000.0,3850000.0,0.0,2010,2010,0.0,0.0,0.0
SUZUKI,SX4 CROSS,1,5650000.0,5650000.0,5650000.0,0.0,2009,2009,0.0,0.0,0.0
SUZUKI,SX4 JAPAN,1,5500000.0,5500000.0,5500000.0,0.0,2011,2011,0.0,0.0,0.0
SUZUKI,SX4 SEDAN,1,5790000.0,5790000.0,5790000.0,0.0,2010,2010,0.0,0.0,0.0
SUZUKI,SX4 SEDEN,1,5790000.0,5790000.0,5790000.0,0.0,2010,2010,0.0,0.0,0.0
SUZUKI,WAGON R 44S,1,5175000.0,5175000.0,5175000.0,0.0,2015,2015,0.0,0.0,0.0
SUZUKI,WAGON R CUSTOM Z TURBO,1,9300000.0,9300000.0,9300000.0,0.0,2024,2024,0.0,0.0,0.0
SUZUKI,WAGON R FZ CAM,1,6450000.0,6450000.0,6450000.0,0.0,2018,2018,0.0,0.0,0.0
SUZUKI,WAGON R FZ JAPAN,1,5300000.0,5300000.0,5300000.0,0.0,2015,2015,0.0,0.0,0.0
SUZUKI,WAGON R MH44 FZ,1,5500000.0,5500000.0,5500000.0,0.0,2014,2014,0.0,0.0,0.0
SUZUKI,WAGON R MH44S,1,5475000.0,5475000.0,5475000.0,0.0,2015,2015,0.0,0.0,0.0
SUZUKI,WAGON R MH55S FZ,1,6350000.0,6350000.0,6350000.0,0.0,2017,2017,0.0,0.0,0.0
SUZUKI,WAGON R PREMIUM FZ,1,6850000.0,6850000.0,6850000.0,0.0,2018,2018,0.0,0.0,0.0
SUZUKI,WAGON R TURBO,1,7295000.0,7295000.0,7295000.0,0.0,2017,2017,0.0,0.0,0.0
SUZUKI,WAGON R ZX MH95S,1,7580000.0,7580000.0,7580000.0,0.0,2023,2023,0.0,0.0,0.0
SUZUKI,X 44,1,3675000.0,3675000.0,3675000.0,0.0,2008,2008,0.0,0.0,0.0
TATA,EV2 XETA,1,2185000.0,2185000.0,2185000.0,0.0,2015,2015,0.0,0.0,0.0
TATA,INDICA EV2 GLX,1,2545000.0,2545000.0,2545000.0,0.0,2014,2014,0.0,0.0,0.0
TATA,INDICA GLX,1,2890000.0,2890000.0,2890000.0,0.0,2015,2015,0.0,0.0,0.0
TATA,INDICA LXI V2,1,1300000.0,1300000.0,1300000.0,0.0,2005,2005,0.0,0.0,0.0
TATA,INDICA V2 LSI,1,1475000.0,1475000.0,1475000.0,0.0,2003,2003,0.0,0.0,0.0
TATA,INDICA XETA GLX EV2,1,2575000.0,2575000.0,2575000.0,0.0,2015,2015,0.0,0.0,0.0
TATA,INDICA XETA GLX V2,1,1775000.0,1775000.0,1775000.0,0.0,2007,2007,0.0,0.0,0.0
TATA,INDIGO ECS,1,2850000.0,2850000.0,2850000.0,0.0,2015,2015,0.0,0.0,0.0
TATA,INDIGO MARINA,1,1650000.0,1650000.0,1650000.0,0.0,2006,2006,0.0,0.0,0.0
TATA,INDIGO MARINA GLX,1,1850000.0,1850000.0,1850000.0,0.0,2005,2005,0.0,0.0,0.0
TATA,NANO CX,1,1225000.0,1225000.0,1225000.0,0.0,2012,2012,0.0,0.0,0.0
TATA,TATA,1,1750000.0,1750000.0,1750000.0,0.0,2005,2005,0.0,0.0,0.0
TESLA,MODEL 3,1,37500000.0,37500000.0,37500000.0,0.0,2024,2024,0.0,0.0,0.0
TOYOTA,110 111,1,3700000.0,3700000.0,3700000.0,0.0,1997,1997,0.0,0.0,0.0
TOYOTA,110 L EMPEROR,1,4375000.0,4375000.0,4375000.0,0.0,2008,2008,0.0,0.0,0.0
TOYOTA,110 L GRADE LIMITED EDITION,1,3600000.0,3600000.0,3600000.0,0.0,1999,1999,0.0,0.0,0.0
TOYOTA,110 LIMITED,1,4550000.0,4550000.0,4550000.0,0.0,2000,2000,0.0,0.0,0.0
TOYOTA,110 XE SALOON,1,3590000.0,3590000.0,3590000.0,0.0,1997,1997,0.0,0.0,0.0
TOYOTA,121 G,1,6350000.0,6350000.0,6350000.0,0.0,2002,2002,0.0,0.0,0.0
TOYOTA,141 GLI,1,8850000.0,8850000.0,8850000.0,0.0,2011,2011,0.0,0.0,0.0
TOYOTA,AE00 SPRINTER,1,2150000.0,2150000.0,2150000.0,0.0,1992,1992,0.0,0.0,0.0
TOYOTA,AE100 EE101,1,2000000.0,2000000.0,2000000.0,0.0,1991,1991,0.0,0.0,0.0
TOYOTA,AE100 LIMITED EDITION,1,3200000.0,3200000.0,3200000.0,0.0,1997,1997,0.0,0.0,0.0
TOYOTA,AE100 SALOON,1,2475000.0,2475000.0,2475000.0,0.0,1995,1995,0.0,0.0,0.0
TOYOTA,AE100 SE LIMITED,1,2490000.0,2490000.0,2490000.0,0.0,1995,1995,0.0,0.0,0.0
TOYOTA,AE110 SE SALOON,1,3600000.0,3600000.0,3600000.0,0.0,1997,1997,0.0,0.0,0.0
TOYOTA,AE110 SE SALOON VINTAGE,1,3375000.0,3375000.0,3375000.0,0.0,1996,1996,0.0,0.0,0.0
TOYOTA,AE110 SPRINTER,1,3075000.0,3075000.0,3075000.0,0.0,1997,1997,0.0,0.0,0.0
TOYOTA,AE111,1,3625000.0,3625000.0,3625000.0,0.0,1999,1999,0.0,0.0,0.0
TOYOTA,AE80 COROLLA GL,1,960000.0,960000.0,960000.0,0.0,1983,1983,0.0,0.0,0.0
TOYOTA,AK12,1,3275000.0,3275000.0,3275000.0,0.0,2002,2002,0.0,0.0,0.0
TOYOTA,ALLION 260 A18,1,8350000.0,8350000.0,8350000.0,0.0,2007,2007,0.0,0.0,0.0
TOYOTA,ALLION 260 G LIMITED,1,12300000.0,12300000.0,12300000.0,0.0,2013,2013,0.0,0.0,0.0
TOYOTA,ALLION 260 NZT,1,9375000.0,9375000.0,9375000.0,0.0,2007,2007,0.0,0.0,0.0
TOYOTA,ALLION 260G LIMITED,1,11800000.0,11800000.0,11800000.0,0.0,2013,2013,0.0,0.0,0.0
TOYOTA,ALLION 260G REAR WIPER,1,11000000.0,11000000.0,11000000.0,0.0,2011,2011,0.0,0.0,0.0
TOYOTA,ALLION A15,1,8250000.0,8250000.0,8250000.0,0.0,2007,2007,0.0,0.0,0.0
TOYOTA,ALLION ANNIVERSARY,1,8850000.0,8850000.0,8850000.0,0.0,2007,2007,0.0,0.0,0.0
TOYOTA,ALLION G,1,11500000.0,11500000.0,11500000.0,0.0,2013,2013,0.0,0.0,0.0
TOYOTA,ALLION NZE240,1,6750000.0,6750000.0,6750000.0,0.0,2003,2003,0.0,0.0,0.0
TOYOTA,ALLION NZT240 ANNIVERSARY,1,7650000.0,7650000.0,7650000.0,0.0,2006,2006,0.0,0.0,0.0
TOYOTA,ALPHARD,1,9500000.0,9500000.0,9500000.0,0.0,2015,2015,0.0,0.0,0.0
TOYOTA,AQUA GS,1,8900000.0,8900000.0,8900000.0,0.0,2015,2015,0.0,0.0,0.0
TOYOTA,AQUA S GRADE LIMITED,1,7000000.0,7000000.0,7000000.0,0.0,2013,2013,0.0,0.0,0.0
TOYOTA,AQUA S LIMITED EDITION,1,6985000.0,6985000.0,6985000.0,0.0,2012,2012,0.0,0.0,0.0
TOYOTA,AQUA URBAN LIMITED,1,8775000.0,8775000.0,8775000.0,0.0,2015,2015,0.0,0.0,0.0
TOYOTA,AQUA URBAN S LIMITED,1,8375000.0,8375000.0,8375000.0,0.0,2015,2015,0.0,0.0,0.0
TOYOTA,AQUA X,1,9250000.0,9250000.0,9250000.0,0.0,2015,2015,0.0,0.0,0.0
TOYOTA,AT 150,1,475000.0,475000.0,475000.0,0.0,1990,1990,0.0,0.0,0.0
TOYOTA,AT 170,1,1775000.0,1775000.0,1775000.0,0.0,1992,1992,0.0,0.0,0.0
TOYOTA,AT170,1,1650000.0,1650000.0,1650000.0,0.0,1989,1989,0.0,0.0,0.0
TOYOTA,AT170 CORONA,1,1650000.0,1650000.0,1650000.0,0.0,1989,1989,0.0,0.0,0.0
TOYOTA,AURIS,1,7300000.0,7300000.0,7300000.0,0.0,2007,2007,0.0,0.0,0.0
TOYOTA,AVANZA BODY,1,6690000.0,6690000.0,6690000.0,0.0,2012,2012,0.0,0.0,0.0
TOYOTA,AVANZA G GRADE,1,5590000.0,5590000.0,5590000.0,0.0,2008,2008,0.0,0.0,0.0
TOYOTA,AXIO 141 G GRADE,1,7930000.0,7930000.0,7930000.0,0.0,2007,2007,0.0,0.0,0.0
TOYOTA,AXIO 160,1,9000000.0,9000000.0,9000000.0,0.0,2013,2013,0.0,0.0,0.0
TOYOTA,AXIO G LIMITED,1,7600000.0,7600000.0,7600000.0,0.0,2007,2007,0.0,0.0,0.0
TOYOTA,AXIO HID EXTRA LIMITED,1,8200000.0,8200000.0,8200000.0,0.0,2012,2012,0.0,0.0,0.0
TOYOTA,AXIO LIMITED,1,7550000.0,7550000.0,7550000.0,0.0,2008,2008,0.0,0.0,0.0
TOYOTA,AXIO S GRADE,1,9690000.0,9690000.0,9690000.0,0.0,2014,2014,0.0,0.0,0.0
TOYOTA,BB,1,4875000.0,4875000.0,4875000.0,0.0,2008,2008,0.0,0.0,0.0
TOYOTA,BELTA SPC92,1,8350000.0,8350000.0,8350000.0,0.0,2012,2012,0.0,0.0,0.0
TOYOTA,CAMRY CV 30,1,1775000.0,1775000.0,1775000.0,0.0,1991,1991,0.0,0.0,0.0
TOYOTA,CAMRY CV30,1,1700000.0,1700000.0,1700000.0,0.0,1994,1994,0.0,0.0,0.0
TOYOTA,CAMRY G GRADE,1,9500000.0,9500000.0,9500000.0,0.0,2011,2011,0.0,0.0,0.0
TOYOTA,CARIN AT192,1,2800000.0,2800000.0,2800000.0,0.0,1996,1996,0.0,0.0,0.0
TOYOTA,CARINA 150,1,635000.0,635000.0,635000.0,0.0,1989,1989,0.0,0.0,0.0
TOYOTA,CARINA 212,1,3590000.0,3590000.0,3590000.0,0.0,1996,1996,0.0,0.0,0.0
TOYOTA,CARINA 212 TI MYROAD,1,4350000.0,4350000.0,4350000.0,0.0,1998,1998,0.0,0.0,0.0
TOYOTA,CARINA AT192 SX,1,2600000.0,2600000.0,2600000.0,0.0,1993,1993,0.0,0.0,0.0
TOYOTA,CARINA AT212 TI MY ROAD,1,3895000.0,3895000.0,3895000.0,0.0,1996,1996,0.0,0.0,0.0
TOYOTA,CARINA ET176,1,2275000.0,2275000.0,2275000.0,0.0,1991,1991,0.0,0.0,0.0
TOYOTA,CARINA L KA67V,1,1600000.0,1600000.0,1600000.0,0.0,1987,1987,0.0,0.0,0.0
TOYOTA,CARINA SX AT192 ANNIVERSARY,1,2650000.0,2650000.0,2650000.0,0.0,1993,1993,0.0,0.0,0.0
TOYOTA,CARINA TI,1,4480000.0,4480000.0,4480000.0,0.0,1999,1999,0.0,0.0,0.0
TOYOTA,CARINA TI 212,1,4200000.0,4200000.0,4200000.0,0.0,1998,1998,0.0,0.0,0.0
TOYOTA,CARINA TI MY ROAD,1,3700000.0,3700000.0,3700000.0,0.0,1997,1997,0.0,0.0,0.0
TOYOTA,CARINA TI MY ROAD AT212,1,3825000.0,3825000.0,3825000.0,0.0,1996,1996,0.0,0.0,0.0
TOYOTA,CARINA WAGON,1,1275000.0,1275000.0,1275000.0,0.0,1990,1990,0.0,0.0,0.0
TOYOTA,CARINATI MY ROAD CT 210,1,3750000.0,3750000.0,3750000.0,0.0,1997,1997,0.0,0.0,0.0
TOYOTA,CE106,1,2100000.0,2100000.0,2100000.0,0.0,1992,1992,0.0,0.0,0.0
TOYOTA,CE106 COROLLA WAGON ELEPHANTBACK,1,2690000.0,2690000.0,2690000.0,0.0,2000,2000,0.0,0.0,0.0
TOYOTA,CE106 WAGON,1,2450000.0,2450000.0,2450000.0,0.0,2000,2000,0.0,0.0,0.0
TOYOTA,CE108,1,2850000.0,2850000.0,2850000.0,0.0,1997,1997,0.0,0.0,0.0
TOYOTA,CE110 CRYSTAL LIGHT,1,2825000.0,2825000.0,2825000.0,0.0,1997,1997,0.0,0.0,0.0
TOYOTA,CE110 XE SALOON,1,3325000.0,3325000.0,3325000.0,0.0,1997,1997,0.0,0.0,0.0
TOYOTA,COROLLA 102 ELEPHANT BACK,1,2695000.0,2695000.0,2695000.0,0.0,2000,2000,0.0,0.0,0.0
TOYOTA,COROLLA 106 ELEPHANT BACK,1,3100000.0,3100000.0,3100000.0,0.0,2000,2000,0.0,0.0,0.0
TOYOTA,COROLLA 106 WAGON ELEPHANT BACK,1,2090000.0,2090000.0,2090000.0,0.0,1993,1993,0.0,0.0,0.0
TOYOTA,COROLLA 108,1,2450000.0,2450000.0,2450000.0,0.0,1996,1996,0.0,0.0,0.0
TOYOTA,COROLLA 110 L GRADE,1,4450000.0,4450000.0,4450000.0,0.0,1999,1999,0.0,0.0,0.0
TOYOTA,COROLLA 110 SPRINTER SE VINTAGE,1,2725000.0,2725000.0,2725000.0,0.0,1997,1997,0.0,0.0,0.0
TOYOTA,COROLLA 114,1,2725000.0,2725000.0,2725000.0,0.0,1998,1998,0.0,0.0,0.0
TOYOTA,COROLLA 121 G GRADE NZE121,1,5875000.0,5875000.0,5875000.0,0.0,2001,2001,0.0,0.0,0.0
TOYOTA,COROLLA 121 G TYPE,1,5900000.0,5900000.0,5900000.0,0.0,2002,2002,0.0,0.0,0.0
TOYOTA,COROLLA 121 GLI,1,5850000.0,5850000.0,5850000.0,0.0,2001,2001,0.0,0.0,0.0
TOYOTA,COROLLA 121 LX,1,5990000.0,5990000.0,5990000.0,0.0,2005,2005,0.0,0.0,0.0
TOYOTA,COROLLA 121 LX LIMITED,1,5950000.0,5950000.0,5950000.0,0.0,2005,2005,0.0,0.0,0.0
TOYOTA,COROLLA 121 LXI LIMITED,1,5790000.0,5790000.0,5790000.0,0.0,2003,2003,0.0,0.0,0.0
TOYOTA,COROLLA 141 LX LIMITED,1,6875000.0,6875000.0,6875000.0,0.0,2008,2008,0.0,0.0,0.0
TOYOTA,COROLLA 2 1N TURBO,1,1400000.0,1400000.0,1400000.0,0.0,1988,1988,0.0,0.0,0.0
TOYOTA,COROLLA 2 CORSA EL51,1,3250000.0,3250000.0,3250000.0,0.0,1997,1997,0.0,0.0,0.0
TOYOTA,COROLLA 2 EL 31 CORSA,1,1425000.0,1425000.0,1425000.0,0.0,1989,1989,0.0,0.0,0.0
TOYOTA,COROLLA 2 STARLET MODIFIED,1,2050000.0,2050000.0,2050000.0,0.0,1993,1993,0.0,0.0,0.0
TOYOTA,COROLLA AE100 G TOURING,1,3400000.0,3400000.0,3400000.0,0.0,2001,2001,0.0,0.0,0.0
TOYOTA,COROLLA AE100 LX LIMITED,1,2375000.0,2375000.0,2375000.0,0.0,1991,1991,0.0,0.0,0.0
TOYOTA,COROLLA AE100 SE LIMITED,1,1234567.92,1234567.92,1234567.92,0.0,1992,1992,0.0,0.0,0.0
TOYOTA,COROLLA AE110 G GRADE,1,3350000.0,3350000.0,3350000.0,0.0,1997,1997,0.0,0.0,0.0
TOYOTA,COROLLA AE110 L GRADE,1,4750000.0,4750000.0,4750000.0,0.0,2008,2008,0.0,0.0,0.0
TOYOTA,COROLLA AE110 RIVIERE,1,4750000.0,4750000.0,4750000.0,0.0,1999,1999,0.0,0.0,0.0
TOYOTA,COROLLA AE110 SE LIMITED,1,3925000.0,3925000.0,3925000.0,0.0,2008,2008,0.0,0.0,0.0
TOYOTA,COROLLA AE82 GT,1,3200000.0,3200000.0,3200000.0,0.0,1986,1986,0.0,0.0,0.0
TOYOTA,COROLLA AE91 SE LIMITED G,1,2300000.0,2300000.0,2300000.0,0.0,1991,1991,0.0,0.0,0.0
TOYOTA,COROLLA CE 108 L EXTRA,1,2950000.0,2950000.0,2950000.0,0.0,1997,1997,0.0,0.0,0.0
TOYOTA,COROLLA CE100,1,2690000.0,2690000.0,2690000.0,0.0,1992,1992,0.0,0.0,0.0
TOYOTA,COROLLA CE106,1,2350000.0,2350000.0,2350000.0,0.0,1996,1996,0.0,0.0,0.0
TOYOTA,COROLLA CE108,1,2975000.0,2975000.0,2975000.0,0.0,1998,1998,0.0,0.0,0.0
TOYOTA,COROLLA CE110 L GRADE,1,3900000.0,3900000.0,3900000.0,0.0,1998,1998,0.0,0.0,0.0
TOYOTA,COROLLA CE96,1,1690000.0,1690000.0,1690000.0,0.0,1989,1989,0.0,0.0,0.0
TOYOTA,COROLLA CE96 WAGON,1,1680000.0,1680000.0,1680000.0,0.0,1994,1994,0.0,0.0,0.0
TOYOTA,COROLLA DX EE96 AC PS PM,1,1475000.0,1475000.0,1475000.0,0.0,1989,1989,0.0,0.0,0.0
TOYOTA,COROLLA DX KE72,1,625000.0,625000.0,625000.0,0.0,1986,1986,0.0,0.0,0.0
TOYOTA,COROLLA DX KE74,1,1300000.0,1300000.0,1300000.0,0.0,1986,1986,0.0,0.0,0.0
TOYOTA,COROLLA DX WAGON EE106,1,2200000.0,2200000.0,2200000.0,0.0,1991,1991,0.0,0.0,0.0
TOYOTA,COROLLA DX WAGON EE96,1,1500000.0,1500000.0,1500000.0,0.0,1989,1989,0.0,0.0,0.0
TOYOTA,COROLLA DX WAGON EE98,1,2075000.0,2075000.0,2075000.0,0.0,1991,1991,0.0,0.0,0.0
TOYOTA,COROLLA DX WAGON KE72 HIGH ROOF,1,925000.0,925000.0,925000.0,0.0,1985,1985,0.0,0.0,0.0
TOYOTA,COROLLA DX WAGON KE74,1,800000.0,800000.0,800000.0,0.0,1986,1986,0.0,0.0,0.0
TOYOTA,COROLLA E80,1,1000000.0,1000000.0,1000000.0,0.0,1996,1996,0.0,0.0,0.0
TOYOTA,COROLLA EE100R,1,2530000.0,2530000.0,2530000.0,0.0,1993,1993,0.0,0.0,0.0
TOYOTA,COROLLA EE102,1,2275000.0,2275000.0,2275000.0,0.0,1997,1997,0.0,0.0,0.0
TOYOTA,COROLLA EE110,1,3350000.0,3350000.0,3350000.0,0.0,1997,1997,0.0,0.0,0.0
TOYOTA,COROLLA EE96 DX WAGON,1,1650000.0,1650000.0,1650000.0,0.0,1988,1988,0.0,0.0,0.0
TOYOTA,COROLLA EE98,1,1475000.0,1475000.0,1475000.0,0.0,1997,1997,0.0,0.0,0.0
TOYOTA,COROLLA ELEPHANT BACK,1,2300000.0,2300000.0,2300000.0,0.0,1995,1995,0.0,0.0,0.0
TOYOTA,COROLLA ELEPHANT BACK CE 108,1,3140000.0,3140000.0,3140000.0,0.0,1997,1997,0.0,0.0,0.0
TOYOTA,COROLLA ELEPHANT BACK CE106,1,2300000.0,2300000.0,2300000.0,0.0,1996,1996,0.0,0.0,0.0
TOYOTA,COROLLA ELEPHANT BACK EE105,1,1980000.0,1980000.0,1980000.0,0.0,1993,1993,0.0,0.0,0.0
TOYOTA,COROLLA ELEPHANT BACK G TOURING,1,2550000.0,2550000.0,2550000.0,0.0,1998,1998,0.0,0.0,0.0
TOYOTA,COROLLA ELEPHANT BACK WAGON,1,2600000.0,2600000.0,2600000.0,0.0,1996,1996,0.0,0.0,0.0
TOYOTA,COROLLA FIELDER,1,8450000.0,8450000.0,8450000.0,0.0,2013,2013,0.0,0.0,0.0
TOYOTA,COROLLA G EDITION,1,1690000.0,1690000.0,1690000.0,0.0,1991,1991,0.0,0.0,0.0
TOYOTA,COROLLA G TOURING,1,3200000.0,3200000.0,3200000.0,0.0,2002,2002,0.0,0.0,0.0
TOYOTA,COROLLA GL WAGON EE 98 V,1,1650000.0,1650000.0,1650000.0,0.0,1991,1991,0.0,0.0,0.0
TOYOTA,COROLLA KE 74,1,700000.0,700000.0,700000.0,0.0,1985,1985,0.0,0.0,0.0
TOYOTA,COROLLA KE50,1,1270000.0,1270000.0,1270000.0,0.0,1976,1976,0.0,0.0,0.0
TOYOTA,COROLLA KE70,1,750000.0,750000.0,750000.0,0.0,1979,1979,0.0,0.0,0.0
TOYOTA,COROLLA KE72 DX WAGON,1,1090000.0,1090000.0,1090000.0,0.0,1989,1989,0.0,0.0,0.0
TOYOTA,COROLLA KE74,1,900000.0,900000.0,900000.0,0.0,1986,1986,0.0,0.0,0.0
TOYOTA,COROLLA LIMITED,1,2250000.0,2250000.0,2250000.0,0.0,1993,1993,0.0,0.0,0.0
TOYOTA,COROLLA LX,1,2600000.0,2600000.0,2600000.0,0.0,1997,1997,0.0,0.0,0.0
TOYOTA,COROLLA NZE121,1,5600000.0,5600000.0,5600000.0,0.0,2002,2002,0.0,0.0,0.0
TOYOTA,COROLLA SAI,1,8950000.0,8950000.0,8950000.0,0.0,2010,2010,0.0,0.0,0.0
TOYOTA,COROLLA WAGON 103,1,3100000.0,3100000.0,3100000.0,0.0,1997,1997,0.0,0.0,0.0
TOYOTA,COROLLA WAGON CE 108,1,2590000.0,2590000.0,2590000.0,0.0,1998,1998,0.0,0.0,0.0
TOYOTA,COROLLA WAGON CE100,1,3375000.0,3375000.0,3375000.0,0.0,1997,1997,0.0,0.0,0.0
TOYOTA,COROLLA WAGON EE96,1,1590000.0,1590000.0,1590000.0,0.0,1992,1992,0.0,0.0,0.0
TOYOTA,COROLLA WAGON ELEPHANT BACK,1,2690000.0,2690000.0,2690000.0,0.0,2000,2000,0.0,0.0,0.0
TOYOTA,COROLLA WAGON ELEPHANTBACK,1,2690000.0,2690000.0,2690000.0,0.0,2000,2000,0.0,0.0,0.0
TOYOTA,COROLLA XE SALOON,1,2200000.0,2200000.0,2200000.0,0.0,1991,1991,0.0,0.0,0.0
TOYOTA,COROLLANZE121 G GRADE,1,5395000.0,5395000.0,5395000.0,0.0,2001,2001,0.0,0.0,0.0
TOYOTA,CORONA AE170,1,1375000.0,1375000.0,1375000.0,0.0,1989,1989,0.0,0.0,0.0
TOYOTA,CORONA AT 150,1,775000.0,775000.0,775000.0,0.0,1984,1984,0.0,0.0,0.0
TOYOTA,CORONA AT 170,1,1750000.0,1750000.0,1750000.0,0.0,1989,1989,0.0,0.0,0.0
TOYOTA,CORONA AT 190,1,1075000.0,1075000.0,1075000.0,0.0,1995,1995,0.0,0.0,0.0
TOYOTA,CORONA CT 190 JDM,1,1675000.0,1675000.0,1675000.0,0.0,1994,1994,0.0,0.0,0.0
TOYOTA,CORONA ET176V,1,1950000.0,1950000.0,1950000.0,0.0,1991,1991,0.0,0.0,0.0
TOYOTA,CORONA GX SALOON,1,2075000.0,2075000.0,2075000.0,0.0,1991,1991,0.0,0.0,0.0
TOYOTA,CORONA PREMIO 1 8,1,4275000.0,4275000.0,4275000.0,0.0,1999,1999,0.0,0.0,0.0
TOYOTA,CORONA PREMIO AT211,1,3675000.0,3675000.0,3675000.0,0.0,1999,1999,0.0,0.0,0.0
TOYOTA,CORONA RX10,1,1075000.0,1075000.0,1075000.0,0.0,1972,1972,0.0,0.0,0.0
TOYOTA,CORSA COROLLA 2,1,2575000.0,2575000.0,2575000.0,0.0,1999,1999,0.0,0.0,0.0
TOYOTA,CORSA HATCH BACK,1,1525000.0,1525000.0,1525000.0,0.0,1987,1987,0.0,0.0,0.0
TOYOTA,CROWN LS110,1,1950000.0,1950000.0,1950000.0,0.0,1982,1982,0.0,0.0,0.0
TOYOTA,CROWN MS132,1,1990000.0,1990000.0,1990000.0,0.0,1988,1988,0.0,0.0,0.0
TOYOTA,CT 190 CORONA,1,2375000.0,2375000.0,2375000.0,0.0,1993,1993,0.0,0.0,0.0
TOYOTA,CV30,1,1975000.0,1975000.0,1975000.0,0.0,1991,1991,0.0,0.0,0.0
TOYOTA,CV30 VISTA,1,1990000.0,1990000.0,1990000.0,0.0,1991,1991,0.0,0.0,0.0
TOYOTA,CYNOS,1,2950000.0,2950000.0,2950000.0,0.0,1992,1992,0.0,0.0,0.0
TOYOTA,DOLPHIN LH113,1,5850000.0,5850000.0,5850000.0,0.0,1994,1994,0.0,0.0,0.0
TOYOTA,DUET M100,1,2675000.0,2675000.0,2675000.0,0.0,1999,1999,0.0,0.0,0.0
TOYOTA,DX 72,1,840000.0,840000.0,840000.0,0.0,1985,1985,0.0,0.0,0.0
TOYOTA,DX COROLLA KE72 WAGON,1,1090000.0,1090000.0,1090000.0,0.0,1985,1985,0.0,0.0,0.0
TOYOTA,DX COROLLA WAGON,1,950000.0,950000.0,950000.0,0.0,1984,1984,0.0,0.0,0.0
TOYOTA,E AE91 COROLLA,1,1695000.0,1695000.0,1695000.0,0.0,1990,1990,0.0,0.0,0.0
TOYOTA,E96,1,1625000.0,1625000.0,1625000.0,0.0,1989,1989,0.0,0.0,0.0
TOYOTA,EC96,1,1550000.0,1550000.0,1550000.0,0.0,1991,1991,0.0,0.0,0.0
TOYOTA,EE 102 ELEPHANT BACK,1,2100000.0,2100000.0,2100000.0,0.0,1995,1995,0.0,0.0,0.0
TOYOTA,EE 102 WAGON,1,2275000.0,2275000.0,2275000.0,0.0,1997,1997,0.0,0.0,0.0
TOYOTA,EE 90,1,1325000.0,1325000.0,1325000.0,0.0,1989,1989,0.0,0.0,0.0
TOYOTA,EE100,1,1950000.0,1950000.0,1950000.0,0.0,1993,1993,0.0,0.0,0.0
TOYOTA,EE107 WAGON G TOURING,1,2200000.0,2200000.0,2200000.0,0.0,1992,1992,0.0,0.0,0.0
TOYOTA,EE111,1,2750000.0,2750000.0,2750000.0,0.0,1996,1996,0.0,0.0,0.0
TOYOTA,EE96 DX WAGON,1,1495000.0,1495000.0,1495000.0,0.0,1987,1987,0.0,0.0,0.0
TOYOTA,ELEPHANT BACK 106,1,2600000.0,2600000.0,2600000.0,0.0,1997,1997,0.0,0.0,0.0
TOYOTA,ELEPHANT BACK CE106,1,1950000.0,1950000.0,1950000.0,0.0,1992,1992,0.0,0.0,0.0
TOYOTA,EP71 GT GLANZA,1,2700000.0,2700000.0,2700000.0,0.0,1988,1988,0.0,0.0,0.0
TOYOTA,EP71 STARLET,1,1765000.0,1765000.0,1765000.0,0.0,1988,1988,0.0,0.0,0.0
TOYOTA,EXY 10 SERA,1,7800000.0,7800000.0,7800000.0,0.0,1992,1992,0.0,0.0,0.0
TOYOTA,FIAT BRAVA STARLET ENGINE,1,1500000.0,1500000.0,1500000.0,0.0,1996,1996,0.0,0.0,0.0
TOYOTA,GRACIA CAMRY,1,4500000.0,4500000.0,4500000.0,0.0,1999,1999,0.0,0.0,0.0
TOYOTA,IST 110 G GRADE,1,7300000.0,7300000.0,7300000.0,0.0,2008,2008,0.0,0.0,0.0
TOYOTA,IST NCP 60,1,5200000.0,5200000.0,5200000.0,0.0,2003,2003,0.0,0.0,0.0
TOYOTA,KA72,1,725000.0,725000.0,725000.0,0.0,1984,1984,0.0,0.0,0.0
TOYOTA,KE 74 COROLLA,1,1425000.0,1425000.0,1425000.0,0.0,1986,1986,0.0,0.0,0.0
TOYOTA,KE20,1,580000.0,580000.0,580000.0,0.0,1980,1980,0.0,0.0,0.0
TOYOTA,KE50,1,265000.0,265000.0,265000.0,0.0,1980,1980,0.0,0.0,0.0
TOYOTA,KE70,1,575000.0,575000.0,575000.0,0.0,1981,1981,0.0,0.0,0.0
TOYOTA,KE72 DX WAGON,1,1290000.0,1290000.0,1290000.0,0.0,1987,1987,0.0,0.0,0.0
TOYOTA,KE72V DX WAGON,1,1225000.0,1225000.0,1225000.0,0.0,1985,1985,0.0,0.0,0.0
TOYOTA,KE74 DX WAGON,1,850000.0,850000.0,850000.0,0.0,1986,1986,0.0,0.0,0.0
TOYOTA,LADA RIVA,1,375000.0,375000.0,375000.0,0.0,1986,1986,0.0,0.0,0.0
TOYOTA,LEVIN GT APEX,1,3600000.0,3600000.0,3600000.0,0.0,1993,1993,0.0,0.0,0.0
TOYOTA,LS130 CROWN,1,3850000.0,3850000.0,3850000.0,0.0,1995,1995,0.0,0.0,0.0
TOYOTA,MARK 2 GX110,1,5400000.0,5400000.0,5400000.0,0.0,2000,2000,0.0,0.0,0.0
TOYOTA,MARK 2 GX110 ANNIVERSARY,1,5950000.0,5950000.0,5950000.0,0.0,2001,2001,0.0,0.0,0.0
TOYOTA,NZE121,1,5300000.0,5300000.0,5300000.0,0.0,2000,2000,0.0,0.0,0.0
TOYOTA,NZE240 ALLION,1,6750000.0,6750000.0,6750000.0,0.0,2003,2003,0.0,0.0,0.0
TOYOTA,PASSO BOON,1,6900000.0,6900000.0,6900000.0,0.0,2016,2016,0.0,0.0,0.0
TOYOTA,PASSO KGC 30 HANA,1,1775000.0,1775000.0,1775000.0,0.0,2010,2010,0.0,0.0,0.0
TOYOTA,PASSO KGC10,1,4525000.0,4525000.0,4525000.0,0.0,2007,2007,0.0,0.0,0.0
TOYOTA,PASSO RACY,1,4950000.0,4950000.0,4950000.0,0.0,2009,2009,0.0,0.0,0.0
TOYOTA,PASSO SAFETY EDITION,1,7390000.0,7390000.0,7390000.0,0.0,2016,2016,0.0,0.0,0.0
TOYOTA,PIXIS EPOCH,1,7100000.0,7100000.0,7100000.0,0.0,2018,2018,0.0,0.0,0.0
TOYOTA,PREMIO 240 G,1,7100000.0,7100000.0,7100000.0,0.0,2003,2003,0.0,0.0,0.0
TOYOTA,PREMIO CT210,1,3395000.0,3395000.0,3395000.0,0.0,1999,1999,0.0,0.0,0.0
TOYOTA,PREMIO G,1,13950000.0,13950000.0,13950000.0,0.0,2014,2014,0.0,0.0,0.0
TOYOTA,PREMIO NZT260 G SUPERIOR,1,17850000.0,17850000.0,17850000.0,0.0,2018,2018,0.0,0.0,0.0
TOYOTA,PRIUS 2ND GENERATION,1,5890000.0,5890000.0,5890000.0,0.0,2007,2007,0.0,0.0,0.0
TOYOTA,PRIUS 3RD,1,9000000.0,9000000.0,9000000.0,0.0,2012,2012,0.0,0.0,0.0
TOYOTA,PRIUS 3RD GEN,1,9350000.0,9350000.0,9350000.0,0.0,2011,2011,0.0,0.0,0.0
TOYOTA,PRIUS 3RD GENERATION,1,9750000.0,9750000.0,9750000.0,0.0,2014,2014,0.0,0.0,0.0
TOYOTA,PRIUS 3RD GENERATION S GRADE,1,10200000.0,10200000.0,10200000.0,0.0,2013,2013,0.0,0.0,0.0
TOYOTA,PRIUS 4TH,1,16950000.0,16950000.0,16950000.0,0.0,2016,2016,0.0,0.0,0.0
TOYOTA,PRIUS ANNIVERSARY,1,6575000.0,6575000.0,6575000.0,0.0,2008,2008,0.0,0.0,0.0
TOYOTA,PRIUS C AQUA,1,8200000.0,8200000.0,8200000.0,0.0,2014,2014,0.0,0.0,0.0
TOYOTA,PRIUS MY COORDINATION S TOURING,1,10350000.0,10350000.0,10350000.0,0.0,2014,2014,0.0,0.0,0.0
TOYOTA,PRIUS MY CORD EDITION S GRADE,1,9150000.0,9150000.0,9150000.0,0.0,2012,2012,0.0,0.0,0.0
TOYOTA,PRIUS PHV,1,10700000.0,10700000.0,10700000.0,0.0,2013,2013,0.0,0.0,0.0
TOYOTA,PRIUS S,1,9250000.0,9250000.0,9250000.0,0.0,2011,2011,0.0,0.0,0.0
TOYOTA,PRIUS S LIMITED LED,1,10200000.0,10200000.0,10200000.0,0.0,2012,2012,0.0,0.0,0.0
TOYOTA,PRIUS S TOURING LIMITED,1,9495000.0,9495000.0,9495000.0,0.0,2011,2011,0.0,0.0,0.0
TOYOTA,PRIUS ZVW30,1,9975000.0,9975000.0,9975000.0,0.0,2012,2012,0.0,0.0,0.0
TOYOTA,PRIUS ZVW50,1,17075000.0,17075000.0,17075000.0,0.0,2016,2016,0.0,0.0,0.0
TOYOTA,ROOMY LED,1,9750000.0,9750000.0,9750000.0,0.0,2020,2020,0.0,0.0,0.0
TOYOTA,SCP90 VITZ,1,6020000.0,6020000.0,6020000.0,0.0,2008,2008,0.0,0.0,0.0
TOYOTA,SPRINTER 110,1,2875000.0,2875000.0,2875000.0,0.0,1996,1996,0.0,0.0,0.0
TOYOTA,SPRINTER 110 VINTAGE,1,3090000.0,3090000.0,3090000.0,0.0,1997,1997,0.0,0.0,0.0
TOYOTA,SPRINTER 110 XE VINTAGE,1,3200000.0,3200000.0,3200000.0,0.0,1997,1997,0.0,0.0,0.0
TOYOTA,SPRINTER 111,1,3000000.0,3000000.0,3000000.0,0.0,2000,2000,0.0,0.0,0.0
TOYOTA,SPRINTER AE110,1,3150000.0,3150000.0,3150000.0,0.0,1998,1998,0.0,0.0,0.0
TOYOTA,SPRINTER VINTAGE,1,3050000.0,3050000.0,3050000.0,0.0,1997,1997,0.0,0.0,0.0
TOYOTA,SPRINTER XE VINTAGE AE110,1,3200000.0,3200000.0,3200000.0,0.0,1997,1997,0.0,0.0,0.0
TOYOTA,STARLET EP71 GLANZA,1,2700000.0,2700000.0,2700000.0,0.0,1990,1990,0.0,0.0,0.0
TOYOTA,STARLET EP71 TURBO,1,2675000.0,2675000.0,2675000.0,0.0,1985,1985,0.0,0.0,0.0
TOYOTA,STARLET EP71XL,1,1750000.0,1750000.0,1750000.0,0.0,1989,1989,0.0,0.0,0.0
TOYOTA,STARLET EP76,1,975000.0,975000.0,975000.0,0.0,1988,1988,0.0,0.0,0.0
TOYOTA,STARLET GT TURBO,1,4750000.0,4750000.0,4750000.0,0.0,1995,1995,0.0,0.0,0.0
TOYOTA,STARLET KP61,1,1350000.0,1350000.0,1350000.0,0.0,1984,1984,0.0,0.0,0.0
TOYOTA,STARLET NP90 GLANZA V,1,4500000.0,4500000.0,4500000.0,0.0,1997,1997,0.0,0.0,0.0
TOYOTA,STARLET NP90 REFLET F,1,3650000.0,3650000.0,3650000.0,0.0,1997,1997,0.0,0.0,0.0
TOYOTA,SUNNY SUPER SALOON,1,1675000.0,1675000.0,1675000.0,0.0,1989,1989,0.0,0.0,0.0
TOYOTA,SX 90,1,2875000.0,2875000.0,2875000.0,0.0,1996,1996,0.0,0.0,0.0
TOYOTA,TANK GS,1,8650000.0,8650000.0,8650000.0,0.0,2017,2017,0.0,0.0,0.0
TOYOTA,TANK GS LIMITED,1,8950000.0,8950000.0,8950000.0,0.0,2017,2017,0.0,0.0,0.0
TOYOTA,TANK GT CUSTOM,1,9550000.0,9550000.0,9550000.0,0.0,2018,2018,0.0,0.0,0.0
TOYOTA,TERCEL COROLLA,1,2950000.0,2950000.0,2950000.0,0.0,1997,1997,0.0,0.0,0.0
TOYOTA,TOYOTO,1,795000.0,795000.0,795000.0,0.0,1991,1991,0.0,0.0,0.0
TOYOTA,TRUENO AE91,1,3650000.0,3650000.0,3650000.0,0.0,1987,1987,0.0,0.0,0.0
TOYOTA,VEROSSA,1,5500000.0,5500000.0,5500000.0,0.0,2003,2003,0.0,0.0,0.0
TOYOTA,VIOS BELTA,1,6575000.0,6575000.0,6575000.0,0.0,2007,2007,0.0,0.0,0.0
TOYOTA,VIOS BELTA YARIS BODY,1,5875000.0,5875000.0,5875000.0,0.0,2007,2007,0.0,0.0,0.0
TOYOTA,VIOS E GRADE,1,5250000.0,5250000.0,5250000.0,0.0,2004,2004,0.0,0.0,0.0
TOYOTA,VITZ 8,1,5750000.0,5750000.0,5750000.0,0.0,2008,2008,0.0,0.0,0.0
TOYOTA,VITZ EDITION,1,8500000.0,8500000.0,8500000.0,0.0,2017,2017,0.0,0.0,0.0
TOYOTA,VITZ EDITION 2 SAFETY,1,8990000.0,8990000.0,8990000.0,0.0,2018,2018,0.0,0.0,0.0
TOYOTA,VITZ EDITION 3S,1,9575000.0,9575000.0,9575000.0,0.0,2019,2019,0.0,0.0,0.0
TOYOTA,VITZ ILL,1,6590000.0,6590000.0,6590000.0,0.0,2012,2012,0.0,0.0,0.0
TOYOTA,VITZ KSP 99,1,5325000.0,5325000.0,5325000.0,0.0,2007,2007,0.0,0.0,0.0
TOYOTA,VITZ KSP130 EDITION 2,1,8975000.0,8975000.0,8975000.0,0.0,2018,2018,0.0,0.0,0.0
TOYOTA,VITZ RS TURBO,1,5590000.0,5590000.0,5590000.0,0.0,2003,2003,0.0,0.0,0.0
TOYOTA,VITZ SAFETY CBG CAR,1,7350000.0,7350000.0,7350000.0,0.0,2016,2016,0.0,0.0,0.0
TOYOTA,VITZ SAFETY EDITION 1,1,8100000.0,8100000.0,8100000.0,0.0,2017,2017,0.0,0.0,0.0
TOYOTA,VITZ SAFETY PACK,1,7395000.0,7395000.0,7395000.0,0.0,2016,2016,0.0,0.0,0.0
TOYOTA,VITZ SAFFTY EDITION 2,1,8500000.0,8500000.0,8500000.0,0.0,2018,2018,0.0,0.0,0.0
TOYOTA,VITZ SCP 10,1,3985000.0,3985000.0,3985000.0,0.0,2001,2001,0.0,0.0,0.0
TOYOTA,WAGON,1,795000.0,795000.0,795000.0,0.0,1990,1990,0.0,0.0,0.0
TOYOTA,WAGON KE72,1,700000.0,700000.0,700000.0,0.0,1985,1985,0.0,0.0,0.0
TOYOTA,WAGON R PIXIS MEGA,1,6990000.0,6990000.0,6990000.0,0.0,2018,2018,0.0,0.0,0.0
TOYOTA,XE COROLLA 110,1,4250000.0,4250000.0,4250000.0,0.0,1999,1999,0.0,0.0,0.0
TOYOTA,YARIS ATIV G GRADE,1,12900000.0,12900000.0,12900000.0,0.0,2019,2019,0.0,0.0,0.0
TOYOTA,YARIS G GRADE,1,9650000.0,9650000.0,9650000.0,0.0,2014,2014,0.0,0.0,0.0
TOYOTA,YARIS VVTI,1,7990000.0,7990000.0,7990000.0,0.0,2012,2012,0.0,0.0,0.0
VOLKSWAGEN,BEETLE,1,900000.0,900000.0,900000.0,0.0,1969,1969,0.0,0.0,0.0
VOLKSWAGEN,LEAF POLO E-UP,1,6475000.0,6475000.0,6475000.0,0.0,2019,2019,0.0,0.0,0.0
VOLKSWAGEN,PASSAT 1.8,1,2275000.0,2275000.0,2275000.0,0.0,2001,2001,0.0,0.0,0.0
VOLKSWAGEN,PASSAT B5.5 TURBO,1,2450000.0,2450000.0,2450000.0,0.0,2002,2002,0.0,0.0,0.0
VOLKSWAGEN,POLO GT,1,7000000.0,7000000.0,7000000.0,0.0,2015,2015,0.0,0.0,0.0
VOLKSWAGEN,TIGUAN ALLSPACE,1,24000000.0,24000000.0,24000000.0,0.0,2018,2018,0.0,0.0,0.0
VOLVO,740 GLE,1,950000.0,950000.0,950000.0,0.0,1990,1990,0.0,0.0,0.0
VOLVO,740 HEARSE,1,6000000.0,6000000.0,6000000.0,0.0,1995,1995,0.0,0.0,0.0
VOLVO,940,1,1375000.0,1375000.0,1375000.0,0.0,1995,1995,0.0,0.0,0.0
VOLVO,940 GLE TURBO,1,2500000.0,2500000.0,2500000.0,0.0,1996,1996,0.0,0.0,0.0
VOLVO,S70,1,3200000.0,3200000.0,3200000.0,0.0,2000,2000,0.0,0.0,0.0
VOLVO,V70 HEARSE,1,8500000.0,8500000.0,8500000.0,0.0,2000,2000,0.0,0.0,0.0
VOLVO,VOLVO,1,750000.0,750000.0,750000.0,0.0,1996,1996,0.0,0.0,0.0
WILLYS,AMERICAN WILLYS,1,3950000.0,3950000.0,3950000.0,0.0,1962,1962,0.0,0.0,0.0
WILLYS,CJ7,1,2100000.0,2100000.0,2100000.0,0.0,1981,1981,0.0,0.0,0.0
AUDI,A3 S LINE,2,17800000.0,17800000.0,17800000.0,0.0,2018,2018,0.0,0.0,0.0
AUDI,A4 S LINE,2,10200000.0,15850000.0,21500000.0,7990306.627407987,2010,2016,11300000.0,0.5041202919500307,0.7129337539432177
AUDI,A5,2,22000000.0,26825000.0,31650000.0,6823580.438450184,2014,2018,9650000.0,0.2543739212842566,0.3597390493942218
AUDI,A6 S LINE,2,11750000.0,18275000.0,24800000.0,9227743.494484445,2010,2016,13050000.0,0.5049380845135127,0.7140902872777017
AUDI,A8L,2,25000000.0,25000000.0,25000000.0,0.0,2013,2013,0.0,0.0,0.0
BMW,318I M SPORT,2,25000000.0,25000000.0,25000000.0,0.0,2018,2018,0.0,0.0,0.0
BMW,I3 REX,2,16700000.0,16700000.0,16700000.0,0.0,2016,2016,0.0,0.0,0.0
DAEWOO,DAEWOO,2,425000.0,1087500.0,1750000.0,936916.4850721755,1987,1996,1325000.0,0.8615324000663683,1.2183908045977012
DAEWOO,LEGANZA,2,1350000.0,1675000.0,2000000.0,459619.4077712559,2000,2002,650000.0,0.27439964643060055,0.3880597014925373
DAEWOO,MATIZ,2,1275000.0,1525000.0,1775000.0,353553.39059327374,1999,2001,500000.0,0.23183828891362213,0.32786885245901637
DAEWOO,RACER,2,925000.0,962500.0,1000000.0,53033.00858899106,1994,1995,75000.0,0.055099229702847856,0.07792207792207792
DAIHATSU,CHARADE G100S,2,995000.0,1222500.0,1450000.0,321733.5854398791,1987,1987,455000.0,0.2631767570060361,0.3721881390593047
DAIHATSU,CHARADE G101S,2,800000.0,800000.0,800000.0,0.0,1989,1989,0.0,0.0,0.0
DATSUN,DATSUN,2,465000.0,465000.0,465000.0,0.0,2017,2017,0.0,0.0,0.0
FIAT,GRANDE PUNTO,2,2850000.0,3175000.0,3500000.0,459619.4077712559,2007,2007,650000.0,0.14476201819567114,0.2047244094488189
FORD,FORD,2,2150000.0,2562500.0,2975000.0,583363.0944789017,1998,2001,825000.0,0.2276538905283519,0.32195121951219513
FORD,LASER BF GHIA,2,1275000.0,1312500.0,1350000.0,53033.00858899106,1985,1986,75000.0,0.04040610178208843,0.05714285714285714
FORD,LASER GL,2,1025000.0,1112500.0,1200000.0,123743.68670764581,1982,1989,175000.0,0.11123028018664792,0.15730337078651685
FORD,MONDEO,2,1350000.0,1800000.0,2250000.0,636396.1030678927,2003,2003,900000.0,0.35355339059327373,0.5
FORD,TELSTAR,2,875000.0,5187500.0,9500000.0,6098795.987733972,1985,1985,8625000.0,1.1756715157077537,1.6626506024096386
FOTON,PROTON SAGA,2,995000.0,995000.0,995000.0,0.0,2009,2011,0.0,0.0,0.0
HONDA,ACCORD I-VTEC,2,3850000.0,6075000.0,8300000.0,3146625.1762801367,1999,2009,4450000.0,0.5179629919802694,0.7325102880658436
HONDA,CIVIC EX TECH PACK,2,14000000.0,15750000.0,17500000.0,2474873.7341529164,2017,2020,3500000.0,0.15713484026367722,0.2222222222222222
HONDA,CIVIC FD4,2,6650000.0,6650000.0,6650000.0,0.0,2007,2008,0.0,0.0,0.0
HONDA,CRZ,2,6490000.0,6545000.0,6600000.0,77781.74593052022,2013,2013,110000.0,0.011884147582967184,0.01680672268907563
HONDA,FIT GP1 PREMIUM,2,6900000.0,7050000.0,7200000.0,212132.03435596425,2013,2013,300000.0,0.030089650263257342,0.0425531914893617
HONDA,FIT GP5 S GRADE MUGEN,2,8600000.0,8625000.0,8650000.0,35355.33905932738,2013,2013,50000.0,0.004099169746008971,0.005797101449275362
HONDA,FIT GP5 S SAFETY,2,8450000.0,8770000.0,9090000.0,452548.3399593904,2013,2015,640000.0,0.05160186316526687,0.07297605473204105
HONDA,GRACE EX LIMITED,2,2875000.0,6385000.0,9895000.0,4963889.603929563,2016,2016,7020000.0,0.777429851829219,1.0994518402505873
HONDA,GRAND CIVIC,2,1325000.0,1487500.0,1650000.0,229809.70388562794,1990,1990,325000.0,0.1544939185785734,0.2184873949579832
HONDA,HONDA,2,500000.0,3700000.0,6900000.0,4525483.399593905,1988,2010,6400000.0,1.223103621511866,1.7297297297297298
HONDA,INTEGRA,2,700000.0,775000.0,850000.0,106066.01717798212,1987,1987,150000.0,0.1368593770038479,0.1935483870967742
HONDA,N BOX CUSTOM TURBO,2,6950000.0,7100000.0,7250000.0,212132.03435596425,2016,2018,300000.0,0.029877751317741445,0.04225352112676056
HONDA,N WGN CUSTOM,2,6500000.0,6587500.0,6675000.0,123743.68670764581,2018,2018,175000.0,0.018784620373077165,0.026565464895635674
HYUNDAI,ACCENT GLS,2,2400000.0,2747500.0,3095000.0,491439.2129246505,2001,2007,695000.0,0.17886777540478635,0.2529572338489536
HYUNDAI,EXCEL,2,770000.0,825000.0,880000.0,77781.74593052022,1993,1999,110000.0,0.09428090415820632,0.13333333333333333
HYUNDAI,HYUNDAI,2,775000.0,982500.0,1190000.0,293449.3141924172,1992,1993,415000.0,0.29867614676072995,0.4223918575063613
HYUNDAI,SANTRO,2,2100000.0,2245000.0,2390000.0,205060.96654409877,2004,2005,290000.0,0.0913411877701999,0.1291759465478842
HYUNDAI,SANTRO XING,2,2000000.0,2137500.0,2275000.0,194454.36482630056,2004,2004,275000.0,0.09097280225791839,0.1286549707602339
HYUNDAI,SONATA H MATIC,2,2050000.0,2350000.0,2650000.0,424264.0687119285,2002,2005,600000.0,0.18053790157954405,0.2553191489361702
JAGUAR,X TYPE,2,4800000.0,6050000.0,7300000.0,1767766.9529663688,2003,2008,2500000.0,0.29219288478782957,0.4132231404958678
KIA,CARENS,2,1970000.0,2180000.0,2390000.0,296984.84809834993,2000,2001,420000.0,0.1362315816964908,0.1926605504587156
KIA,MENTOR JAPAN,2,875000.0,875004.0,875008.0,5.656854249492381,2000,2001,8.0,6.46494673109195e-06,9.142815347129842e-06
MAZDA,6,2,1260000.0,8380000.0,15500000.0,10069200.564096436,2013,2015,14240000.0,1.2015752463122238,1.6992840095465394
MAZDA,ASTINA,2,1550000.0,1550000.0,1550000.0,0.0,1989,1989,0.0,0.0,0.0
MAZDA,BJ5P,2,3250000.0,3290000.0,3330000.0,56568.5424949238,2001,2003,80000.0,0.01719408586471848,0.0243161094224924
MAZDA,CAROL,2,5375000.0,5375000.0,5375000.0,0.0,2015,2015,0.0,0.0,0.0
MERCEDES-BENZ,#NAME?,2,7890000.0,7890000.0,7890000.0,0.0,2003,2003,0.0,0.0,0.0
MERCEDES-BENZ,C180 KOMPRESSOR,2,10700000.0,10837500.0,10975000.0,194454.36482630056,2010,2010,275000.0,0.01794273262526418,0.025374855824682813
MERCEDES-BENZ,C200 AMG,2,24000000.0,26250000.0,28500000.0,3181980.515339464,2015,2018,4500000.0,0.12121830534626529,0.17142857142857143
MERCEDES-BENZ,C220,2,13000000.0,13750000.0,14500000.0,1060660.1717798214,2012,2013,1500000.0,0.07713892158398701,0.10909090909090909
MERCEDES-BENZ,C220 CDI,2,15375000.0,15375000.0,15375000.0,0.0,2013,2013,0.0,0.0,0.0
MERCEDES-BENZ,E220,2,20450000.0,22725000.0,25000000.0,3217335.854398791,2013,2015,4550000.0,0.14157693528707552,0.2002200220022002
MERCEDES-BENZ,E220 CDI,2,11650000.0,24575000.0,37500000.0,18278710.293672252,2006,2017,25850000.0,0.743792890892055,1.051881993896236
MERCEDES-BENZ,E350E,2,33975000.0,35737500.0,37500000.0,2492551.40368258,2017,2018,3525000.0,0.06974610433529431,0.09863588667366212
MERCEDES-BENZ,E350E AMG PREMIUM,2,31500000.0,31850000.0,32200000.0,494974.74683058326,2017,2017,700000.0,0.015540808377726319,0.02197802197802198
MERCEDES-BENZ,W 123,2,2500000.0,2500000.0,2500000.0,0.0,1980,1980,0.0,0.0,0.0
MERCEDES-BENZ,W115,2,1150000.0,1400000.0,1650000.0,353553.39059327374,1975,1979,500000.0,0.25253813613805265,0.35714285714285715
MERCEDES-BENZ,W124,2,3450000.0,3975000.0,4500000.0,742462.1202458749,1986,1986,1050000.0,0.18678292333229557,0.2641509433962264
MICRO,BAIC,2,5350000.0,5425000.0,5500000.0,106066.01717798212,2018,2018,150000.0,0.01955133957197827,0.027649769585253458
MITSUBISHI,CS3,2,4800000.0,5975000.0,7150000.0,1661700.9357883867,2004,2011,2350000.0,0.27810894322818186,0.39330543933054396
MITSUBISHI,LANCER ASP,2,780000.0,890000.0,1000000.0,155563.49186104044,1991,1996,220000.0,0.17479044029330387,0.24719101123595505
MITSUBISHI,LANCER CB1,2,2250000.0,2475000.0,2700000.0,318198.05153394636,1994,1995,450000.0,0.12856486930664499,0.18181818181818182
MITSUBISHI,LANCER CB8,2,1450000.0,1800000.0,2150000.0,494974.74683058326,1992,1992,700000.0,0.27498597046143514,0.3888888888888889
MITSUBISHI,LANCER CS3,2,4000000.0,4687500.0,5375000.0,972271.8241315029,2001,2004,1375000.0,0.20741798914805396,0.29333333333333333
MITSUBISHI,LANCER FLAT LIGHT,2,620000.0,700000.0,780000.0,113137.0849898476,1977,1977,160000.0,0.16162440712835371,0.22857142857142856
MITSUBISHI,LANCER GLX ASP,2,1150000.0,1312500.0,1475000.0,229809.70388562794,1989,1990,325000.0,0.17509310772238318,0.24761904761904763
NISSAN,BLUEBIRD SYLPHY G11,2,6750000.0,7375000.0,8000000.0,883883.4764831844,2010,2010,1250000.0,0.11984860698077077,0.1694915254237288
NISSAN,C24,2,1575000.0,1575000.0,1575000.0,0.0,2000,2001,0.0,0.0,0.0
NISSAN,CEDRIC,2,2500000.0,2500000.0,2500000.0,0.0,1993,1993,0.0,0.0,0.0
NISSAN,DOCTOR SUNNY B13,2,1435000.0,1605000.0,1775000.0,240416.30560342615,1991,1992,340000.0,0.14979209071864558,0.2118380062305296
NISSAN,EX SALOON,2,3790000.0,4145000.0,4500000.0,502045.81464244873,2001,2004,710000.0,0.12112082379793697,0.1712907117008444
NISSAN,FB13 DOCTOR SUNNY SUPER SALOON,2,1970000.0,2010000.0,2050000.0,56568.5424949238,1992,1994,80000.0,0.028143553480061593,0.03980099502487562
NISSAN,FB14 EX SALOON,2,2990000.0,3165000.0,3340000.0,247487.37341529163,1998,1998,350000.0,0.0781950626904555,0.11058451816745656
NISSAN,FB15 SUNNY,2,3725000.0,3855000.0,3985000.0,183847.76310850235,2000,2000,260000.0,0.047690729729831995,0.06744487678339818
NISSAN,FB15 SUPER SALOON SPLEND,2,3750000.0,3800000.0,3850000.0,70710.67811865476,1999,2000,100000.0,0.018608073189119674,0.02631578947368421
NISSAN,LEAF AZEO G GRADE,2,4450000.0,4700000.0,4950000.0,353553.39059327374,2013,2014,500000.0,0.07522412565814335,0.10638297872340426
NISSAN,LUCINO,2,2750000.0,2750000.0,2750000.0,0.0,1998,1998,0.0,0.0,0.0
NISSAN,N16 SUNNY BLUEBIRD SYLPHY,2,3195000.0,3245000.0,3295000.0,70710.67811865476,2001,2001,100000.0,0.021790655814685596,0.030816640986132512
NISSAN,N16 SUNNY EX SALOON,2,3525000.0,3587500.0,3650000.0,88388.34764831843,2001,2002,125000.0,0.02463786694029782,0.03484320557491289
NISSAN,N16 SYLPHY,2,3750000.0,3862500.0,3975000.0,159099.02576697318,2000,2001,225000.0,0.041190686282711504,0.05825242718446602
NISSAN,N17 EX SALOON,2,3925000.0,4307500.0,4690000.0,540936.6876077089,2008,2008,765000.0,0.12558019445332766,0.1775972141613465
NISSAN,PULSAR FB14,2,2790000.0,2882500.0,2975000.0,130814.75451951129,1997,2001,185000.0,0.04538239532333436,0.06418039895923677
NISSAN,RZ 1,2,1050000.0,1200000.0,1350000.0,212132.03435596425,1987,1989,300000.0,0.17677669529663687,0.25
NISSAN,SALOON,2,1230000.0,1230000.0,1230000.0,0.0,1987,1987,0.0,0.0,0.0
NISSAN,SB12,2,1125000.0,1550000.0,1975000.0,601040.7640085653,1989,1989,850000.0,0.3877682348442357,0.5483870967741935
NISSAN,SUNNY B14,2,1750000.0,1962500.0,2175000.0,300520.38200428267,1994,1996,425000.0,0.15313140484294657,0.21656050955414013
NISSAN,SUNNY B15,2,3450000.0,3912500.0,4375000.0,654073.7725975565,1999,2001,925000.0,0.16717540513675563,0.2364217252396166
NISSAN,SUNNY B211,2,565000.0,625000.0,685000.0,84852.8137423857,1977,1978,120000.0,0.13576450198781712,0.192
NISSAN,SUNNY FB12,2,1295000.0,1372500.0,1450000.0,109601.55108391486,1986,1987,155000.0,0.07985541062580317,0.11293260473588343
NISSAN,SUNNY FB14 SUPER SALOON,2,2275000.0,2562500.0,2850000.0,406586.3991822648,1995,1998,575000.0,0.15866786309551797,0.22439024390243903
NISSAN,SUNNY FB15 SUPER SALOON,2,3650000.0,4325000.0,5000000.0,954594.1546018391,1999,2003,1350000.0,0.22071541146863333,0.31213872832369943
NISSAN,TEANA,2,10500000.0,11000000.0,11500000.0,707106.7811865475,2010,2013,1000000.0,0.06428243465332249,0.09090909090909091
NISSAN,TRAD SUNNY WHB12,2,780000.0,1477500.0,2175000.0,986413.9597552338,1987,1990,1395000.0,0.6676236614248622,0.9441624365482234
NISSAN,VY11,2,2750000.0,2950000.0,3150000.0,282842.71247461904,2004,2005,400000.0,0.09587888558461663,0.13559322033898305
NISSAN,WINGROAD Y10,2,1990000.0,2060000.0,2130000.0,98994.94936611665,1996,1997,140000.0,0.04805580066316342,0.06796116504854369
PEUGEOT,305GL,2,875000.0,875000.0,875000.0,0.0,1986,1986,0.0,0.0,0.0
PEUGEOT,505,2,950000.0,975000.0,1000000.0,35355.33905932738,1983,1986,50000.0,0.03626188621469475,0.05128205128205128
PEUGEOT,607,2,2750000.0,3000000.0,3250000.0,353553.39059327374,2000,2001,500000.0,0.11785113019775792,0.16666666666666666
PROTON,PERSONA,2,3800000.0,4000000.0,4200000.0,282842.71247461904,2010,2011,400000.0,0.07071067811865477,0.1
PROTON,SAVVY,2,2200000.0,2450000.0,2700000.0,353553.39059327374,2006,2008,500000.0,0.14430750636460152,0.20408163265306123
RENAULT,KWID SPORTS RXT,2,3175000.0,3175000.0,3175000.0,0.0,2016,2016,0.0,0.0,0.0
SUBARU,IMPREZA,2,3675000.0,4437500.0,5200000.0,1078337.841309485,1996,2000,1525000.0,0.24300571071763044,0.3436619718309859
SUZUKI,BALENO TURBO,2,8900000.0,9125000.0,9350000.0,318198.05153394636,2018,2019,450000.0,0.0348710193461859,0.049315068493150684
SUZUKI,CELERIO LXI,2,4225000.0,4600000.0,4975000.0,530330.0858899107,2015,2015,750000.0,0.11528914910650233,0.16304347826086957
SUZUKI,LIANA JAPAN,2,3200000.0,3425000.0,3650000.0,318198.05153394636,2002,2007,450000.0,0.09290454059385295,0.13138686131386862
SUZUKI,MARUTI 800 SPORT,2,1875000.0,2062500.0,2250000.0,265165.04294495535,2008,2010,375000.0,0.128564869306645,0.18181818181818182
SUZUKI,MARUTI ALTO 800,2,2375000.0,2862500.0,3350000.0,689429.1116568838,2007,2015,975000.0,0.24084859795873673,0.3406113537117904
SUZUKI,SPACIA XS CUSTOM,2,7980000.0,8290000.0,8600000.0,438406.20433565945,2018,2018,620000.0,0.052883739968113325,0.07478890229191798
SUZUKI,SWIFT BEETLE JAPAN,2,4650000.0,4900000.0,5150000.0,353553.39059327374,2005,2006,500000.0,0.07215375318230076,0.10204081632653061
SUZUKI,WAGON R FZ SAFETY MODEL,2,6250000.0,6422500.0,6595000.0,243951.8395093589,2017,2017,345000.0,0.03798393764256269,0.053717399766446086
SUZUKI,WAGON R JAPAN,2,3000000.0,3395000.0,3790000.0,558614.3571373726,2002,2006,790000.0,0.1645403113806694,0.23269513991163476
SUZUKI,WORKS,2,3665000.0,3732500.0,3800000.0,95459.41546018391,1998,2002,135000.0,0.0255751950328691,0.0361687876758205
TATA,INDICA GLX XETA,2,1690000.0,1970000.0,2250000.0,395979.7974644666,2006,2014,560000.0,0.20100497333221654,0.28426395939086296
TATA,INDICA V2,2,1450000.0,1565000.0,1680000.0,162634.55967290592,2005,2006,230000.0,0.10391984643636161,0.14696485623003194
TATA,INDICA V2 GLX XETA,2,1625000.0,1625000.0,1625000.0,0.0,2006,2006,0.0,0.0,0.0
TATA,INDICA XETA GLX,2,1900000.0,2300000.0,2700000.0,565685.4249492381,2009,2015,800000.0,0.2459501847605383,0.34782608695652173
TOYOTA,121 HATCHBACK,2,5925000.0,5962500.0,6000000.0,53033.00858899106,2002,2002,75000.0,0.008894424920585503,0.012578616352201259
TOYOTA,AE91 SPRINTER,2,1470000.0,1560000.0,1650000.0,127279.22061357855,1987,1987,180000.0,0.08158924398306318,0.11538461538461539
TOYOTA,ALLION 240 G,2,6675000.0,6675000.0,6675000.0,0.0,2003,2003,0.0,0.0,0.0
TOYOTA,ALLION 240 G GRADE,2,6850000.0,6922500.0,6995000.0,102530.48327204939,2003,2004,145000.0,0.014811192960931656,0.020946189960274468
TOYOTA,ALLION NZT260,2,9250000.0,10625000.0,12000000.0,1944543.6482630058,2007,2012,2750000.0,0.18301587277769465,0.25882352941176473
TOYOTA,AQUA LIMITED EDITION,2,6985000.0,7317500.0,7650000.0,470226.0094890541,2012,2013,665000.0,0.06426047276925918,0.0908780321147933
TOYOTA,AXIO FIELDER WXB,2,10900000.0,11900000.0,12900000.0,1414213.562373095,2015,2017,2000000.0,0.11884147582967185,0.16806722689075632
TOYOTA,AXIO G SAFETY,2,12000000.0,12000000.0,12000000.0,0.0,2016,2016,0.0,0.0,0.0
TOYOTA,AXIO X,2,6950000.0,6950000.0,6950000.0,0.0,2007,2007,0.0,0.0,0.0
TOYOTA,CALDINA,2,2300000.0,2395000.0,2490000.0,134350.28842544404,1996,1997,190000.0,0.05609615383108311,0.07933194154488518
TOYOTA,CAMRY G LIMITED,2,7900000.0,8500000.0,9100000.0,848528.137423857,2007,2008,1200000.0,0.09982683969692435,0.1411764705882353
TOYOTA,CARINA 192,2,2550000.0,2565000.0,2580000.0,21213.203435596424,1994,1995,30000.0,0.008270254750719854,0.011695906432748537
TOYOTA,CARINA AT 150,2,775000.0,987500.0,1200000.0,300520.38200428267,1985,1988,425000.0,0.30432443747269133,0.43037974683544306
TOYOTA,CARINA AT 192,2,2650000.0,2775000.0,2900000.0,176776.69529663687,1994,1996,250000.0,0.06370331362040968,0.09009009009009009
TOYOTA,CARINA CT210,2,3575000.0,3750000.0,3925000.0,247487.37341529163,1997,1997,350000.0,0.06599663291074444,0.09333333333333334
TOYOTA,CARINA SI MY ROAD,2,4950000.0,5137500.0,5325000.0,265165.04294495535,1999,1999,375000.0,0.05161363366325165,0.072992700729927
TOYOTA,CARINA TI MY ROAD 212,2,4875000.0,4875000.0,4875000.0,0.0,1999,1999,0.0,0.0,0.0
TOYOTA,CARINA TI MYROAD,2,4475000.0,4512500.0,4550000.0,53033.00858899106,1999,2007,75000.0,0.01175246727733874,0.01662049861495845
TOYOTA,CE110 SE SALOON LIMITED,2,3660000.0,3720000.0,3780000.0,84852.8137423857,1998,1998,120000.0,0.022809896167307983,0.03225806451612903
TOYOTA,CE96,2,2250000.0,2250000.0,2250000.0,0.0,1991,1991,0.0,0.0,0.0
TOYOTA,COROLLA 110 SPRINTER,2,2750000.0,2950000.0,3150000.0,282842.71247461904,2000,2001,400000.0,0.09587888558461663,0.13559322033898305
TOYOTA,COROLLA 110 XE SALOON,2,3275000.0,3530000.0,3785000.0,360624.4584051392,1996,1998,510000.0,0.10215990323091763,0.14447592067988668
TOYOTA,COROLLA 111,2,2800000.0,3445000.0,4090000.0,912167.7477306463,1996,2000,1290000.0,0.2647801880205069,0.37445573294629897
TOYOTA,COROLLA 121 X,2,5890000.0,6045000.0,6200000.0,219203.10216782973,2002,2003,310000.0,0.03626188621469474,0.05128205128205128
TOYOTA,COROLLA AE110 XE SALOON,2,3190000.0,3570000.0,3950000.0,537401.1537017762,1995,1997,760000.0,0.1505325360509177,0.21288515406162464
TOYOTA,COROLLA CE110 XE SALOON,2,3790000.0,3790000.0,3790000.0,0.0,1997,1997,0.0,0.0,0.0
TOYOTA,COROLLA EE111,2,3300000.0,3545000.0,3790000.0,346482.32278140826,1997,2000,490000.0,0.09773831390166665,0.1382228490832158
TOYOTA,COROLLA EE90,2,1450000.0,1525000.0,1600000.0,106066.01717798212,1988,1990,150000.0,0.06955148667408664,0.09836065573770492
TOYOTA,COROLLA ELEPHANT BACK EE103,2,2380000.0,2785000.0,3190000.0,572756.4927611036,1996,2000,810000.0,0.20565762756233522,0.29084380610412924
TOYOTA,CORONA 190,2,2350000.0,2500000.0,2650000.0,212132.03435596425,1992,1993,300000.0,0.0848528137423857,0.12
TOYOTA,CORONA AT150,2,900000.0,975000.0,1050000.0,106066.01717798212,1985,1987,150000.0,0.10878565864408422,0.15384615384615385
TOYOTA,CORONA CT 170,2,1690000.0,1720000.0,1750000.0,42426.40687119285,1989,1994,60000.0,0.02466651562278654,0.03488372093023256
TOYOTA,CORONA CT 190,2,2175000.0,2275000.0,2375000.0,141421.35623730952,1993,1994,200000.0,0.06216323351090528,0.08791208791208792
TOYOTA,CORONA CT190,2,2295000.0,2322500.0,2350000.0,38890.87296526011,1992,1994,55000.0,0.01674526284833589,0.023681377825618945
TOYOTA,CORSA EL51,2,2290000.0,2882500.0,3475000.0,837921.5357060588,1996,1996,1185000.0,0.2906926403143309,0.4111014744145707
TOYOTA,CT170,2,1750000.0,1837500.0,1925000.0,123743.68670764581,1990,1991,175000.0,0.06734350297014738,0.09523809523809523
TOYOTA,DX,2,800000.0,845000.0,890000.0,63639.61030678928,1985,1988,90000.0,0.07531314829205832,0.10650887573964497
TOYOTA,DX KE72,2,880000.0,1227500.0,1575000.0,491439.2129246505,1985,2016,695000.0,0.40035781093657885,0.5661914460285132
TOYOTA,EP82,2,2550000.0,2612500.0,2675000.0,88388.34764831843,1993,1995,125000.0,0.033832860343853945,0.04784688995215311
TOYOTA,EP91,2,3690000.0,3690000.0,3690000.0,0.0,1997,1997,0.0,0.0,0.0
TOYOTA,LEXUS 600HL,2,26500000.0,52750000.0,79000000.0,37123106.01229375,2007,2011,52500000.0,0.7037555642140995,0.995260663507109
TOYOTA,MARINO,2,2200000.0,2400000.0,2600000.0,282842.71247461904,1992,1995,400000.0,0.11785113019775793,0.16666666666666666
TOYOTA,MARK 2,2,2950000.0,3975000.0,5000000.0,1449568.9014324225,1997,2004,2050000.0,0.36467142174400563,0.5157232704402516
TOYOTA,PASSO HANA KGC30,2,5190000.0,5190000.0,5190000.0,0.0,2010,2010,0.0,0.0,0.0
TOYOTA,PASSO MODA,2,7590000.0,7895000.0,8200000.0,431335.136523794,2018,2020,610000.0,0.05463396282758632,0.07726409119696011
TOYOTA,PASSO SAFETY,2,7550000.0,7570000.0,7590000.0,28284.2712474619,2017,2017,40000.0,0.00373636344088004,0.005284015852047556
TOYOTA,PREMIO 260 G SUPERIOR,2,10200000.0,10425000.0,10650000.0,318198.05153394636,2008,2011,450000.0,0.03052259487136176,0.04316546762589928
TOYOTA,PREMIO CORONA,2,3450000.0,3450000.0,3450000.0,0.0,1996,1996,0.0,0.0,0.0
TOYOTA,PRIUS 2ND GEN ANNIVERSARY,2,6500000.0,6575000.0,6650000.0,106066.01717798212,2008,2008,150000.0,0.016131713639236826,0.022813688212927757
TOYOTA,PRIUS 4TH GEN,2,16985000.0,17090000.0,17195000.0,148492.42404917497,2016,2016,210000.0,0.00868884868631802,0.012287887653598596
TOYOTA,PRIUS G GRADE,2,9600000.0,9725000.0,9850000.0,176776.69529663687,2012,2013,250000.0,0.01817755221559248,0.02570694087403599
TOYOTA,PRIUS S GRADE,2,9550000.0,10200000.0,10850000.0,919238.8155425118,2012,2014,1300000.0,0.09012145250416782,0.12745098039215685
TOYOTA,PRIUS S LED,2,9875000.0,9875000.0,9875000.0,0.0,2013,2013,0.0,0.0,0.0
TOYOTA,PRIUS S LIMITED,2,8450000.0,9475000.0,10500000.0,1449568.9014324225,2010,2012,2050000.0,0.1529888022619971,0.21635883905013192
TOYOTA,SPRINTER AE80,2,850000.0,950000.0,1050000.0,141421.35623730952,1984,1984,200000.0,0.1488645855129574,0.21052631578947367
TOYOTA,STARLET EP82 X LIMITED,2,2860000.0,3175000.0,3490000.0,445477.2721475249,1993,1995,630000.0,0.14030780225118894,0.1984251968503937
TOYOTA,STARLET NP80,2,2350000.0,2375000.0,2400000.0,35355.33905932738,1990,1992,50000.0,0.014886458551295738,0.021052631578947368
TOYOTA,STARLET NP90,2,2850000.0,2925000.0,3000000.0,106066.01717798212,1998,1999,150000.0,0.03626188621469474,0.05128205128205128
TOYOTA,VIOS JAPAN,2,4675000.0,4762500.0,4850000.0,123743.68670764581,2003,2004,175000.0,0.02598292634281277,0.03674540682414698
TOYOTA,VISTA CV30,2,2250000.0,2325000.0,2400000.0,106066.01717798212,1991,1993,150000.0,0.045619792334615966,0.06451612903225806
TOYOTA,VITZ KSP130 EDITION,2,6650000.0,7212500.0,7775000.0,795495.128834866,2011,2016,1125000.0,0.1102939520048341,0.1559792027729636
TOYOTA,VITZ RS,2,5975000.0,5975000.0,5975000.0,0.0,2008,2008,0.0,0.0,0.0
VOLKSWAGEN,POLO R-LINE,2,11000000.0,11900000.0,12800000.0,1272792.2061357854,2019,2019,1800000.0,0.10695732824670466,0.15126050420168066
VOLVO,850,2,975000.0,1312500.0,1650000.0,477297.07730091957,1995,1996,675000.0,0.36365491603879585,0.5142857142857142
VOLVO,S60,2,3475000.0,3912500.0,4350000.0,618718.4335382291,2004,2004,875000.0,0.15813889675098508,0.22364217252396165
ZOTYE,ZOTYE,2,875000.0,1212500.0,1550000.0,477297.07730091957,1999,2017,675000.0,0.39364707406261407,0.5567010309278351
